Node_ID,Roster_Code,School_Code,Class_Code,Label_Available,Q1_Gender,Q2_Age,Q3_Form,Q4_SchoolType,Q5_Programme,Q6_Residence,Q7_ParentEdu,Q8_FinDifficulty,Q10_MathsScore,Q11_EnglishScore,Q12_CAScore,Q13_AssignRate,Q14_Repeated,Q15_DaysAttend,Q16_DaysMissed,Q17_Lateness,Q18_Belonging,Q19_EnjoyLearn,Q20_StudyOwnWill,Q21_CanPass,Q22_SetGoals,Q23_Confident,Q24_PlanContinue,Q25_TeachersCare,Q26_HasSupport,Q27_StudyHours,Q28_QuietPlace,Q29_OutsideWork,Q31_StudyFreq,Q32_TurnToFirst,Q33_StudyGroup,Q34_ExamConfidence,Q35_Interest,TARGET_AtRisk
SCH-PGIRLS_1HE1_001,001,SCH-PGIRLS,1HE1,1,Female,15,Form 1,Public,Home Economics,Boarding,SHS,Usually not a problem,49,62,50,9-10 out of 10,No,5,0,Never,Mostly belong,5,5,5,4,4,5,4,4,3-5 hrs/wk,Always,None,Almost every day,Manage alone,Sometimes informal,Very confident,Somewhat interested,0
SCH-PGIRLS_1HE1_002,002,SCH-PGIRLS,1HE1,1,Female,15,Form 1,Public,Home Economics,Boarding,Tertiary,Usually not a problem,26,53,45,6-8 out of 10,No,5,0,Sometimes,Mostly belong,5,5,5,5,4,5,4,3,0-2 hrs/wk,Always,None,Almost every day,No one,No,Very confident,Not at all,1
SCH-PGIRLS_1HE1_003,003,SCH-PGIRLS,1HE1,1,Female,15,Form 1,Public,Home Economics,Boarding,SHS,Sometimes difficult,40,50,49,6-8 out of 10,No,5,0,Never,Strongly belong,5,5,5,5,5,5,5,3,3-5 hrs/wk,Always,Heavy housework,Almost every day,A teacher,Regular group,Very confident,Somewhat interested,1
SCH-PGIRLS_1HE1_004,004,SCH-PGIRLS,1HE1,1,Female,16,Form 1,Public,Home Economics,Boarding,SHS,Very difficult,21,25,35,6-8 out of 10,No,5,0,Sometimes,Strongly belong,4,5,4,3,4,4,3,5,0-2 hrs/wk,Sometimes,Paid work,Almost every day,A classmate,Regular group,Very confident,Not very,1
SCH-PGIRLS_1HE1_005,005,SCH-PGIRLS,1HE1,1,Female,16,Form 1,Public,Home Economics,Boarding,Tertiary,Never a problem,21,3,35,6-8 out of 10,No,5,0,Never,Strongly belong,4,5,5,4,4,5,5,5,0-2 hrs/wk,Sometimes,Heavy housework,Almost every day,A classmate,No,Very confident,Very interested,1
SCH-PGIRLS_1HE1_006,006,SCH-PGIRLS,1HE1,1,Female,17,Form 1,Public,Home Economics,Boarding,Tertiary,Sometimes difficult,24,56,,9-10 out of 10,No,5,0,Never,Strongly belong,5,5,5,4,4,5,5,1,6-8 hrs/wk,Always,None,Almost every day,A teacher,Regular group,Very confident,Very interested,1
SCH-PGIRLS_1HE1_007,007,SCH-PGIRLS,1HE1,1,Female,15,Form 1,Public,Home Economics,Boarding,Tertiary,Never a problem,23,35,12,6-8 out of 10,No,5,0,Never,Strongly belong,3,5,5,4,4,5,5,5,0-2 hrs/wk,Always,Heavy housework,Almost every day,A classmate,Sometimes informal,Fairly confident,Somewhat interested,1
SCH-PGIRLS_1HE1_008,008,SCH-PGIRLS,1HE1,1,Female,17,Form 1,Public,Home Economics,Boarding,Tertiary,Never a problem,40,45,,6-8 out of 10,No,5,0,Never,Mostly belong,1,1,5,5,5,5,5,2,3-5 hrs/wk,Always,None,Almost every day,A teacher,Regular group,Very confident,Very interested,1
SCH-PGIRLS_1HE1_009,009,SCH-PGIRLS,1HE1,1,Female,15,Form 1,Public,Home Economics,Boarding,SHS,Never a problem,23,23,38,6-8 out of 10,No,5,0,Never,Mostly belong,1,1,4,1,3,5,5,5,6-8 hrs/wk,Always,None,Almost every day,No one,Regular group,Very confident,Very interested,1
SCH-PGIRLS_1HE1_010,010,SCH-PGIRLS,1HE1,1,Female,16,Form 1,Public,Home Economics,Boarding,Tertiary,Never a problem,40,70,55,6-8 out of 10,No,5,2,Never,Strongly belong,4,4,5,4,3,5,5,3,3-5 hrs/wk,Always,None,Almost every day,A classmate,No,Very confident,Very interested,0
SCH-PGIRLS_1HE1_011,011,SCH-PGIRLS,1HE1,1,Female,16,Form 1,Public,Home Economics,Boarding,Tertiary,Never a problem,78,80,68,9-10 out of 10,No,5,0,Never,Strongly belong,5,4,5,4,3,5,5,4,0-2 hrs/wk,Sometimes,Paid work,Almost every day,A classmate,Regular group,Very confident,Very interested,0
SCH-PGIRLS_1HE1_013,013,SCH-PGIRLS,1HE1,1,Female,16,Form 1,Public,Home Economics,Boarding,SHS,Sometimes difficult,85,70,70,9-10 out of 10,No,5,0,Never,Strongly belong,5,1,4,4,5,4,3,3,3-5 hrs/wk,Always,Heavy housework,A few times/wk,A classmate,No,Very confident,Very interested,0
SCH-PGIRLS_1HE1_014,014,SCH-PGIRLS,1HE1,1,Female,16,Form 1,Public,Home Economics,Boarding,Tertiary,Never a problem,60,80,56,9-10 out of 10,No,5,0,Never,Mostly belong,5,4,5,5,4,5,4,5,3-5 hrs/wk,Sometimes,None,A few times/wk,A teacher,Regular group,Fairly confident,Very interested,0
SCH-PGIRLS_1HE1_015,015,SCH-PGIRLS,1HE1,1,Female,16,Form 1,Public,Home Economics,Boarding,Primary,Sometimes difficult,40,95,60,9-10 out of 10,No,5,3,Often,Strongly not belong,5,5,5,3,1,5,5,5,8+ hrs/wk,Rarely/Never,None,Almost every day,Manage alone,Sometimes informal,Fairly confident,Not at all,0
SCH-PGIRLS_1HE1_016,016,SCH-PGIRLS,1HE1,1,Female,15,Form 1,Public,Home Economics,Boarding,Tertiary,Sometimes difficult,60,70,76,9-10 out of 10,No,5,0,Never,Strongly belong,4,5,5,4,5,5,4,5,6-8 hrs/wk,Always,Paid work,Almost every day,A teacher,Regular group,Very confident,Not very,1
SCH-PGIRLS_1HE1_017,017,SCH-PGIRLS,1HE1,1,Female,16,Form 1,Public,Home Economics,Boarding,Tertiary,Sometimes difficult,60,82,87,9-10 out of 10,No,5,0,Never,Strongly belong,4,5,5,4,5,5,4,5,8+ hrs/wk,Sometimes,Paid work,Almost every day,A classmate,Regular group,Very confident,Very interested,0
SCH-PGIRLS_1HE1_018,018,SCH-PGIRLS,1HE1,1,Female,17,Form 1,Public,Home Economics,Boarding,SHS,Sometimes difficult,30,40,46,6-8 out of 10,No,5,2,Never,Strongly belong,4,5,5,4,5,5,4,5,8+ hrs/wk,Sometimes,Paid work,Almost every day,A teacher,Regular group,Very confident,Very interested,1
SCH-PGIRLS_1HE1_019,019,SCH-PGIRLS,1HE1,0,Female,15,Form 1,Public,Home Economics,Boarding,Tertiary,Usually not a problem,,,,,No,,,,Strongly belong,5,5,5,4,5,5,4,5,0-2 hrs/wk,,None,About once/wk,A classmate,Regular group,Very confident,Not very,
SCH-PGIRLS_1HE1_020,020,SCH-PGIRLS,1HE1,1,Female,16,Form 1,Public,Home Economics,Boarding,SHS,Usually not a problem,73,88,,9-10 out of 10,No,5,0,Never,Not sure,5,4,5,5,4,5,4,3,3-5 hrs/wk,Always,None,Almost every day,Manage alone,Regular group,Very confident,Somewhat interested,0
SCH-PGIRLS_1HE1_021,021,SCH-PGIRLS,1HE1,1,Female,17,Form 1,Public,Home Economics,Boarding,JHS,Very difficult,42,50,52,6-8 out of 10,No,5,7,Sometimes,Mostly belong,5,5,5,5,4,5,3,4,0-2 hrs/wk,Always,Heavy housework,Almost every day,A classmate,Sometimes informal,Fairly confident,Somewhat interested,1
SCH-PGIRLS_1HE1_022,022,SCH-PGIRLS,1HE1,1,Female,16,Form 1,Public,Home Economics,Boarding,JHS,Sometimes difficult,70,65,,9-10 out of 10,No,5,13,Never,Mostly belong,5,5,5,5,5,5,5,5,0-2 hrs/wk,Always,None,Almost every day,Manage alone,Sometimes informal,Very confident,Very interested,0
SCH-PGIRLS_1HE1_023,023,SCH-PGIRLS,1HE1,1,Female,17,Form 1,Public,Home Economics,Boarding,JHS,Sometimes difficult,48,44,,9-10 out of 10,No,5,1,Never,Mostly belong,5,5,5,5,4,5,5,4,0-2 hrs/wk,Sometimes,Heavy housework,Almost every day,Manage alone,Sometimes informal,Very confident,Very interested,1
SCH-PGIRLS_1HE1_024,024,SCH-PGIRLS,1HE1,1,Female,16,Form 1,Public,Home Economics,Boarding,Tertiary,Sometimes difficult,26,41,27,9-10 out of 10,No,5,5,Never,Mostly belong,4,5,5,5,4,5,5,5,0-2 hrs/wk,Sometimes,Farming/trading,Almost every day,A teacher,Regular group,Very confident,Very interested,1
SCH-PGIRLS_1HE1_025,025,SCH-PGIRLS,1HE1,1,Female,16,Form 1,Public,Home Economics,Boarding,SHS,Sometimes difficult,23,32,,9-10 out of 10,No,5,0,Never,,5,5,5,4,5,5,5,3,3-5 hrs/wk,Always,Heavy housework,Almost every day,A classmate,Regular group,Very confident,Somewhat interested,1
SCH-PGIRLS_1HE1_026,026,SCH-PGIRLS,1HE1,1,Female,16,Form 1,Public,Home Economics,Boarding,JHS,Sometimes difficult,56,70,59.9,9-10 out of 10,No,5,2,Never,Strongly not belong,5,5,5,4,5,5,4,5,3-5 hrs/wk,Always,Paid work,Almost every day,A teacher,Regular group,Very confident,Not very,1
SCH-PGIRLS_1HE1_027,027,SCH-PGIRLS,1HE1,1,Female,16,Form 1,Public,Home Economics,Boarding,JHS,Sometimes difficult,42,40,40,6-8 out of 10,No,5,0,Never,Strongly belong,5,5,5,4,4,5,5,5,0-2 hrs/wk,Always,Paid work,Almost every day,A classmate,Regular group,Very confident,Very interested,1
SCH-PGIRLS_1HE1_028,028,SCH-PGIRLS,1HE1,1,Female,16,Form 1,Public,Home Economics,Boarding,SHS,Sometimes difficult,50,52,69,9-10 out of 10,No,5,2,Never,Strongly belong,5,5,5,4,5,5,4,4,0-2 hrs/wk,Sometimes,Paid work,Almost every day,A classmate,Sometimes informal,Very confident,Very interested,0
SCH-PGIRLS_1HE1_029,029,SCH-PGIRLS,1HE1,1,Female,16,Form 1,Public,Home Economics,Boarding,Tertiary,Sometimes difficult,39,50,63,9-10 out of 10,No,5,1,Never,Strongly belong,5,5,5,5,5,5,4,5,3-5 hrs/wk,Always,None,Almost every day,A teacher,Regular group,Very confident,Very interested,0
SCH-PGIRLS_1HE1_030,030,SCH-PGIRLS,1HE1,1,Female,16,Form 1,Public,Home Economics,Boarding,SHS,Sometimes difficult,54,60,77,9-10 out of 10,No,5,0,Never,Strongly belong,5,5,4,4,4,5,4,4,0-2 hrs/wk,Always,Heavy housework,Almost every day,A classmate,Regular group,Very confident,Somewhat interested,0
SCH-PGIRLS_1HE1_031,031,SCH-PGIRLS,1HE1,1,Female,16,Form 1,Public,Home Economics,Boarding,Tertiary,Sometimes difficult,59,60,80,9-10 out of 10,No,5,0,Never,Strongly belong,5,5,4,4,4,5,4,5,0-2 hrs/wk,Always,Heavy housework,A few times/wk,A classmate,Regular group,Very confident,Somewhat interested,0
SCH-PGIRLS_1HE1_032,032,SCH-PGIRLS,1HE1,1,Female,21,Form 1,Public,Home Economics,Boarding,Tertiary,Sometimes difficult,42,50,,9-10 out of 10,No,5,0,Never,Strongly belong,5,5,5,4,5,5,4,1,0-2 hrs/wk,Always,Heavy housework,Almost every day,Manage alone,Regular group,Very confident,Very interested,0
SCH-PGIRLS_1HE1_033,033,SCH-PGIRLS,1HE1,1,Female,15,Form 1,Public,Home Economics,Boarding,SHS,Usually not a problem,29,55,53.5,6-8 out of 10,No,5,11,Never,Not sure,2,5,5,3,5,5,5,5,0-2 hrs/wk,Always,None,Almost every day,A classmate,Regular group,Very confident,Not at all,1
SCH-PGIRLS_1HE1_034,034,SCH-PGIRLS,1HE1,1,Female,15,Form 1,Public,Home Economics,Boarding,Tertiary,Never a problem,69,72,92.7,9-10 out of 10,No,5,0,Never,Strongly belong,4,4,4,4,4,4,4,4,8+ hrs/wk,Always,Farming/trading,Almost every day,A classmate,Regular group,Very confident,Not at all,0
SCH-PGIRLS_1SC1_001,001,SCH-PGIRLS,1SC1,1,Female,16,Form 1,Public,General Science,Boarding,Tertiary,Never a problem,73,9,,9-10 out of 10,No,5,14,Never,Strongly not belong,4,5,5,5,4,5,4,4,0-2 hrs/wk,Always,None,Almost every day,A classmate,Sometimes informal,Very confident,Not very,0
SCH-PGIRLS_1SC1_002,002,SCH-PGIRLS,1SC1,1,Female,13,Form 1,Public,General Science,Boarding,Tertiary,Never a problem,90,63,58,9-10 out of 10,No,5,0,Never,Not sure,4,4,4,4,4,4,4,5,8+ hrs/wk,Always,None,Almost every day,A classmate,Regular group,Very confident,Very interested,0
SCH-PGIRLS_1SC1_003,003,SCH-PGIRLS,1SC1,1,Female,16,Form 1,Public,General Science,Boarding,Tertiary,Sometimes difficult,55,69,50.9,9-10 out of 10,No,5,0,Never,Strongly belong,5,5,5,5,3,5,1,5,0-2 hrs/wk,Always,None,Almost every day,A classmate,Sometimes informal,Worried,Not very,0
SCH-PGIRLS_1SC1_004,004,SCH-PGIRLS,1SC1,1,Female,14,Form 1,Public,General Science,Boarding,Tertiary,Never a problem,81,75,80,6-8 out of 10,No,5,0,Never,Strongly not belong,1,5,5,5,5,5,1,1,8+ hrs/wk,Sometimes,None,Almost every day,A classmate,Sometimes informal,Very worried,Not very,0
SCH-PGIRLS_1SC1_005,005,SCH-PGIRLS,1SC1,1,Female,15,Form 1,Public,General Science,Boarding,JHS,Usually not a problem,62,72,60,6-8 out of 10,No,5,0,Never,Mostly belong,5,5,5,5,5,5,4,4,6-8 hrs/wk,Always,None,A few times/wk,A classmate,Sometimes informal,Worried,Not very,0
SCH-PGIRLS_1SC1_006,006,SCH-PGIRLS,1SC1,1,Female,15,Form 1,Public,General Science,Boarding,Tertiary,Usually not a problem,75,70,60,9-10 out of 10,No,5,3,Never,Mostly belong,5,5,5,5,5,5,4,4,3-5 hrs/wk,Sometimes,None,Almost every day,A classmate,Regular group,Fairly confident,Somewhat interested,0
SCH-PGIRLS_1SC1_007,007,SCH-PGIRLS,1SC1,1,Female,15,Form 1,Public,General Science,Boarding,SHS,Very difficult,45,70,60,6-8 out of 10,No,5,0,Never,Strongly not belong,5,5,5,3,3,5,5,4,0-2 hrs/wk,Always,Heavy housework,Almost every day,A classmate,No,Very worried,Not very,0
SCH-PGIRLS_1SC1_008,008,SCH-PGIRLS,1SC1,1,Female,16,Form 1,Public,General Science,Boarding,Tertiary,Never a problem,58,58,60,9-10 out of 10,No,5,0,Never,Strongly not belong,5,5,5,5,5,5,3,3,3-5 hrs/wk,Always,None,Almost every day,A classmate,Sometimes informal,Very worried,Very interested,1
SCH-PGIRLS_1SC1_009,009,SCH-PGIRLS,1SC1,1,Female,14,Form 1,Public,General Science,Boarding,Primary,Sometimes difficult,50,56,55,9-10 out of 10,No,5,3,Never,Strongly belong,5,5,5,5,5,5,5,5,6-8 hrs/wk,Always,None,Almost every day,A classmate,No,Very confident,Very interested,1
SCH-PGIRLS_1SC1_010,010,SCH-PGIRLS,1SC1,1,Female,14,Form 1,Public,General Science,Boarding,JHS,Usually not a problem,84,80,80,9-10 out of 10,No,5,0,Never,Strongly belong,5,5,5,4,5,5,5,5,3-5 hrs/wk,Always,None,Almost every day,A classmate,Sometimes informal,Fairly confident,Somewhat interested,0
SCH-PGIRLS_1SC1_011,011,SCH-PGIRLS,1SC1,1,Female,15,Form 1,Public,General Science,Boarding,Tertiary,Sometimes difficult,72,70,77,9-10 out of 10,No,5,0,Never,Not sure,5,5,4,4,5,5,3,5,3-5 hrs/wk,Always,None,Almost every day,A classmate,Sometimes informal,Worried,Somewhat interested,0
SCH-PGIRLS_1SC1_012,012,SCH-PGIRLS,1SC1,1,Female,16,Form 1,Public,General Science,Boarding,SHS,Usually not a problem,90,72,79,9-10 out of 10,No,5,0,Never,Not sure,4,5,4,4,3,5,3,4,3-5 hrs/wk,Always,None,Almost every day,A classmate,Sometimes informal,Fairly confident,Somewhat interested,0
SCH-PGIRLS_1SC1_013,013,SCH-PGIRLS,1SC1,1,Female,15,Form 1,Public,General Science,Boarding,Tertiary,Sometimes difficult,92,67,98,9-10 out of 10,No,5,0,Never,Not sure,5,5,5,5,4,5,3,3,3-5 hrs/wk,Sometimes,None,A few times/wk,Manage alone,Sometimes informal,Fairly confident,Very interested,0
SCH-PGIRLS_1SC1_014,014,SCH-PGIRLS,1SC1,1,Female,15,Form 1,Public,General Science,Boarding,SHS,Usually not a problem,72,66,78,9-10 out of 10,No,5,0,Never,Mostly belong,5,5,5,4,4,5,2,1,3-5 hrs/wk,Always,None,A few times/wk,A classmate,No,Fairly confident,Very interested,0
SCH-PGIRLS_1SC1_015,015,SCH-PGIRLS,1SC1,1,Female,15,Form 1,Public,General Science,Boarding,Primary,Sometimes difficult,48,64,57,9-10 out of 10,No,5,2,Often,Strongly belong,5,4,5,5,4,5,3,4,0-2 hrs/wk,Sometimes,Heavy housework,A few times/wk,Manage alone,No,Very confident,Not at all,0
SCH-PGIRLS_1SC1_016,016,SCH-PGIRLS,1SC1,1,Female,15,Form 1,Public,General Science,Boarding,Tertiary,Usually not a problem,64,,55,6-8 out of 10,No,5,8,Never,Strongly belong,5,5,5,5,5,5,5,5,0-2 hrs/wk,Always,None,Almost every day,A classmate,No,Not sure,Not very,0
SCH-PGIRLS_1SC1_017,017,SCH-PGIRLS,1SC1,1,Female,16,Form 1,Public,General Science,Boarding,JHS,Sometimes difficult,35,57,55,9-10 out of 10,No,5,9,Never,Strongly belong,5,5,5,5,5,5,5,5,0-2 hrs/wk,Sometimes,None,Almost every day,A classmate,No,Worried,Not very,1
SCH-PGIRLS_1SC1_018,018,SCH-PGIRLS,1SC1,1,Female,16,Form 1,Public,General Science,Boarding,Tertiary,Usually not a problem,56,54,55,9-10 out of 10,No,5,0,Never,Strongly belong,4,4,5,4,3,5,4,5,0-2 hrs/wk,Sometimes,Heavy housework,A few times/wk,A classmate,No,Worried,Somewhat interested,1
SCH-PGIRLS_1SC1_019,019,SCH-PGIRLS,1SC1,1,Female,16,Form 1,Public,General Science,Boarding,Tertiary,Usually not a problem,54,78,85,9-10 out of 10,No,5,0,Never,Mostly belong,5,5,5,5,4,5,4,4,0-2 hrs/wk,Always,None,A few times/wk,A classmate,No,Fairly confident,Not very,0
SCH-PGIRLS_1SC1_020,020,SCH-PGIRLS,1SC1,1,Female,15,Form 1,Public,General Science,Boarding,JHS,Sometimes difficult,55,69,45,9-10 out of 10,No,5,0,Never,Mostly belong,4,5,5,4,4,5,5,3,3-5 hrs/wk,Sometimes,Heavy housework,A few times/wk,A classmate,No,Very confident,Not very,0
SCH-PGIRLS_1SC1_021,021,SCH-PGIRLS,1SC1,1,Female,15,Form 1,Public,General Science,Boarding,Unknown,Never a problem,56,52,63,9-10 out of 10,No,5,0,Never,Mostly belong,5,5,5,5,5,5,5,5,6-8 hrs/wk,Always,None,A few times/wk,A teacher,No,Worried,Somewhat interested,0
SCH-PGIRLS_1SC1_022,022,SCH-PGIRLS,1SC1,1,Female,16,Form 1,Public,General Science,Boarding,SHS,Usually not a problem,68,82,70,9-10 out of 10,No,5,0,Never,Mostly belong,5,5,5,5,4,5,3,5,3-5 hrs/wk,Always,None,A few times/wk,A classmate,Regular group,Very confident,Not at all,0
SCH-PGIRLS_1SC1_023,023,SCH-PGIRLS,1SC1,1,Female,16,Form 1,Public,General Science,Boarding,Tertiary,Never a problem,95,88,88,9-10 out of 10,No,5,0,Never,Mostly not belong,5,5,5,4,4,5,3,5,0-2 hrs/wk,Sometimes,Heavy housework,Almost every day,A classmate,Sometimes informal,Very confident,Somewhat interested,0
SCH-PGIRLS_1SC1_024,024,SCH-PGIRLS,1SC1,1,Female,16,Form 1,Public,General Science,Boarding,SHS,Sometimes difficult,56,55,93,9-10 out of 10,No,5,0,Never,Not sure,5,5,5,5,5,5,4,3,0-2 hrs/wk,Always,None,A few times/wk,A classmate,Sometimes informal,Fairly confident,Somewhat interested,0
SCH-PGIRLS_1SC1_025,025,SCH-PGIRLS,1SC1,1,Female,14,Form 1,Public,General Science,Boarding,SHS,Sometimes difficult,97.1,87,86,9-10 out of 10,No,5,0,Never,Strongly belong,5,5,5,5,4,5,4,5,3-5 hrs/wk,Sometimes,Heavy housework,A few times/wk,A classmate,Sometimes informal,Not sure,Somewhat interested,0
SCH-PGIRLS_1SC1_026,026,SCH-PGIRLS,1SC1,1,Female,16,Form 1,Public,General Science,Boarding,SHS,Never a problem,73,65,70,9-10 out of 10,No,5,8,Never,Strongly belong,5,5,5,5,5,5,4,5,0-2 hrs/wk,Always,None,Almost every day,A classmate,Regular group,Very confident,Not very,0
SCH-PGIRLS_1SC1_027,027,SCH-PGIRLS,1SC1,1,Female,15,Form 1,Public,General Science,Boarding,JHS,Sometimes difficult,53,68,55.5,9-10 out of 10,No,5,3,Never,Strongly belong,5,5,5,5,5,5,5,3,0-2 hrs/wk,Always,None,A few times/wk,A classmate,Regular group,Very worried,Not at all,0
SCH-PGIRLS_1SC1_028,028,SCH-PGIRLS,1SC1,1,Female,17,Form 1,Public,General Science,Boarding,Tertiary,Usually not a problem,40,68,70,9-10 out of 10,No,5,2,Sometimes,Not sure,5,5,5,5,4,5,3,4,0-2 hrs/wk,Sometimes,None,A few times/wk,A classmate,No,Very worried,Somewhat interested,0
SCH-PGIRLS_1SC1_029,029,SCH-PGIRLS,1SC1,1,Female,15,Form 1,Public,General Science,Boarding,Tertiary,Sometimes difficult,80,60,70,9-10 out of 10,No,5,0,Never,Mostly not belong,5,5,5,5,4,5,3,5,0-2 hrs/wk,Sometimes,None,A few times/wk,A classmate,No,Fairly confident,Somewhat interested,0
SCH-PGIRLS_1SC1_030,030,SCH-PGIRLS,1SC1,1,Female,15,Form 1,Public,General Science,Boarding,SHS,Never a problem,35,62,80,9-10 out of 10,No,5,5,Never,Mostly not belong,5,5,5,5,4,5,3,3,0-2 hrs/wk,Always,None,A few times/wk,A classmate,No,Very worried,Not at all,0
SCH-PGIRLS_1SC1_031,031,SCH-PGIRLS,1SC1,1,Female,16,Form 1,Public,General Science,Boarding,Tertiary,Sometimes difficult,94,71,91,9-10 out of 10,No,5,0,Never,Not sure,5,5,5,4,5,5,3,1,0-2 hrs/wk,Always,Heavy housework,Almost every day,A classmate,Sometimes informal,Worried,Very interested,0
SCH-PGIRLS_1SC1_032,032,SCH-PGIRLS,1SC1,1,Female,16,Form 1,Public,General Science,Boarding,Tertiary,Sometimes difficult,52,59,73,9-10 out of 10,No,5,0,Never,Mostly not belong,5,5,5,5,5,5,3,5,0-2 hrs/wk,Always,None,A few times/wk,A classmate,No,Worried,Somewhat interested,0
SCH-PGIRLS_1SC1_033,033,SCH-PGIRLS,1SC1,1,Female,16,Form 1,Public,General Science,Boarding,SHS,Sometimes difficult,65,64,66,9-10 out of 10,No,5,0,Never,Mostly belong,5,5,5,5,5,5,3,5,0-2 hrs/wk,Sometimes,None,A few times/wk,A classmate,Sometimes informal,Fairly confident,Somewhat interested,0
SCH-PGIRLS_1SC1_034,034,SCH-PGIRLS,1SC1,1,Female,15,Form 1,Public,General Science,Boarding,SHS,Sometimes difficult,62,73,70,9-10 out of 10,No,5,0,Never,Mostly belong,5,5,5,5,4,5,4,5,0-2 hrs/wk,Always,None,A few times/wk,A classmate,Sometimes informal,Not sure,Very interested,0
SCH-PGIRLS_1SC1_035,035,SCH-PGIRLS,1SC1,1,Female,17,Form 1,Public,General Science,Boarding,JHS,Sometimes difficult,82,70,70,9-10 out of 10,No,5,0,Never,Mostly belong,5,5,5,5,5,5,4,5,3-5 hrs/wk,Always,Heavy housework,Almost every day,A classmate,Sometimes informal,Very worried,Not very,0
SCH-PGIRLS_1 SC1_036,036,SCH-PGIRLS,1 SC1,1,Female,15,Form 1,Public,General Science,Boarding,SHS,Sometimes difficult,70,78,88,9-10 out of 10,No,5,0,Never,Mostly not belong,5,5,5,5,4,5,4,5,3-5 hrs/wk,Always,Paid work,Almost every day,A classmate,Regular group,Very confident,Not at all,0
SCH-PGIRLS_1 SC1_037,037,SCH-PGIRLS,1 SC1,1,Female,13,Form 1,Public,General Science,Boarding,JHS,Sometimes difficult,77,69,81,9-10 out of 10,No,5,0,Never,Mostly belong,5,5,5,4,5,5,3,4,0-2 hrs/wk,Sometimes,Heavy housework,A few times/wk,A classmate,Regular group,Very confident,Somewhat interested,0
SCH-PGIRLS_1 SC1_038,038,SCH-PGIRLS,1 SC1,1,Female,15,Form 1,Public,General Science,Boarding,SHS,Very difficult,70,84,73,9-10 out of 10,No,5,0,Never,Mostly belong,4,5,5,5,2,5,1,3,3-5 hrs/wk,Sometimes,None,A few times/wk,A classmate,No,Very confident,Not very,0
SCH-PGIRLS_1 SC1_039,039,SCH-PGIRLS,1 SC1,1,Female,16,Form 1,Public,General Science,Day,Tertiary,Usually not a problem,78,85,69,9-10 out of 10,No,4,5,Sometimes,Mostly not belong,5,5,5,4,4,5,2,5,6-8 hrs/wk,Sometimes,Farming/trading,A few times/wk,A classmate,Sometimes informal,Very confident,Very interested,0
SCH-PGIRLS_1 SC1_040,040,SCH-PGIRLS,1 SC1,1,Female,15,Form 1,Public,General Science,Day,Tertiary,Never a problem,48,39,45,9-10 out of 10,No,4,4,Sometimes,Mostly belong,5,4,5,5,5,5,4,5,3-5 hrs/wk,Sometimes,Heavy housework,About once/wk,A teacher,No,Not sure,Somewhat interested,0
SCH-PGIRLS_1 SC1_041,041,SCH-PGIRLS,1 SC1,1,Female,16,Form 1,Public,General Science,Day,SHS,Sometimes difficult,86,80,78,9-10 out of 10,No,3,8,Sometimes,Not sure,5,4,4,4,4,4,3,4,6-8 hrs/wk,Sometimes,None,Rarely,A classmate,No,Very confident,Very interested,0
SCH-PGIRLS_1 SC1_042,042,SCH-PGIRLS,1 SC1,1,Female,16,Form 1,Public,General Science,Day,SHS,Sometimes difficult,44,51,41,6-8 out of 10,No,5,2,Often,Strongly belong,5,5,5,4,5,4,5,5,3-5 hrs/wk,Sometimes,Heavy housework,A few times/wk,A classmate,Sometimes informal,Worried,Not very,1
SCH-PGIRLS_1 SC1_043,043,SCH-PGIRLS,1 SC1,1,Female,16,Form 1,Public,General Science,Day,No formal education,Very difficult,49,48,50,6-8 out of 10,No,4,4,Often,Mostly belong,5,4,4,5,5,5,2,4,3-5 hrs/wk,Rarely/Never,Paid work,Rarely,A family member,No,Worried,Not very,0
SCH-PGIRLS_1ARTS2_001_A,001,SCH-PGIRLS,1ARTS2,1,Female,17,Form 1,Public,General Arts,Boarding,Tertiary,Never a problem,55,50,56,9-10 out of 10,No,5,3,Sometimes,Mostly not belong,1,1,4,4,4,4,4,4,3-5 hrs/wk,Always,Heavy housework,A few times/wk,A classmate,Regular group,Very confident,Very interested,1
SCH-PGIRLS_1ARTS2_002_A,002,SCH-PGIRLS,1ARTS2,1,Female,16,Form 1,Public,General Arts,Boarding,JHS,Sometimes difficult,50,41,53,3-5 out of 10,No,5,0,Never,Strongly belong,5,5,5,5,5,5,4,5,8+ hrs/wk,Always,None,About once/wk,A classmate,No,Fairly confident,Not very,0
SCH-PGIRLS_1ARTS2_003_A,003,SCH-PGIRLS,1ARTS2,1,Female,15,Form 1,Public,General Arts,Boarding,Tertiary,Usually not a problem,67,65,60,9-10 out of 10,No,5,0,Never,Strongly belong,5,5,5,5,5,5,4,5,8+ hrs/wk,Always,None,About once/wk,A teacher,Sometimes informal,Very confident,Very interested,0
SCH-PGIRLS_1ARTS2_004_A,004,SCH-PGIRLS,1ARTS2,1,Female,16,Form 1,Public,General Arts,Boarding,JHS,Usually not a problem,49,65,70,9-10 out of 10,No,5,2,Never,Mostly belong,5,5,5,3,4,5,4,5,3-5 hrs/wk,Sometimes,Heavy housework,A few times/wk,A teacher,No,Very confident,Very interested,0
SCH-PGIRLS_1ARTS2_005_A,005,SCH-PGIRLS,1ARTS2,1,Female,15,Form 1,Public,General Arts,Boarding,SHS,Usually not a problem,69,52,72,6-8 out of 10,No,5,0,Never,Mostly belong,4,5,5,4,3,5,3,5,0-2 hrs/wk,Sometimes,None,A few times/wk,A classmate,Sometimes informal,Very confident,Somewhat interested,0
SCH-PGIRLS_1ARTS2_006_A,006,SCH-PGIRLS,1ARTS2,1,Female,15,Form 1,Public,General Arts,Boarding,Tertiary,Sometimes difficult,92,65,89,9-10 out of 10,No,5,2,Never,Mostly belong,5,5,5,3,5,5,5,3,6-8 hrs/wk,Sometimes,None,A few times/wk,A classmate,No,Very confident,Very interested,0
SCH-PGIRLS_1ARTS2_007_A,007,SCH-PGIRLS,1ARTS2,1,Female,16,Form 1,Public,General Arts,Boarding,Tertiary,Usually not a problem,91,48,88,9-10 out of 10,No,5,0,Never,Mostly belong,4,5,5,4,5,5,3,4,8+ hrs/wk,Always,Heavy housework,Almost every day,A classmate,No,Very confident,Somewhat interested,0
SCH-PGIRLS_1ARTS2_008_A,008,SCH-PGIRLS,1ARTS2,1,Female,17,Form 1,Public,General Arts,Boarding,Tertiary,Sometimes difficult,26,40,48,6-8 out of 10,No,5,0,Never,Strongly belong,4,5,5,4,4,5,4,5,3-5 hrs/wk,Sometimes,Heavy housework,,A teacher,No,Very confident,Very interested,1
SCH-PGIRLS_1ARTS2_009_A,009,SCH-PGIRLS,1ARTS2,1,Female,15,Form 1,Public,General Arts,Boarding,JHS,Sometimes difficult,40,50,58,9-10 out of 10,No,5,0,Never,Strongly belong,5,4,5,5,4,5,3,5,3-5 hrs/wk,Always,None,A few times/wk,A classmate,No,Very confident,Somewhat interested,0
SCH-PGIRLS_1ARTS2_010_A,010,SCH-PGIRLS,1ARTS2,1,Female,16,Form 1,Public,General Arts,Boarding,JHS,Sometimes difficult,57,51,72,9-10 out of 10,No,5,0,Sometimes,Not sure,4,5,5,3,3,5,3,4,3-5 hrs/wk,Sometimes,Heavy housework,A few times/wk,A classmate,Sometimes informal,Fairly confident,Somewhat interested,0
SCH-PGIRLS_1ARTS2_011_A,011,SCH-PGIRLS,1ARTS2,1,Female,17,Form 1,Public,General Arts,Boarding,SHS,Sometimes difficult,62,66,80,9-10 out of 10,No,5,0,Sometimes,Mostly belong,5,5,5,5,4,5,5,2,6-8 hrs/wk,Always,Heavy housework,Rarely,Manage alone,No,Very confident,Very interested,0
SCH-PGIRLS_1ARTS2_012_A,012,SCH-PGIRLS,1ARTS2,1,Female,17,Form 1,Public,General Arts,Boarding,JHS,Very difficult,60,58,77,9-10 out of 10,No,5,0,Sometimes,Mostly belong,4,4,5,5,4,3,5,4,3-5 hrs/wk,Sometimes,Paid work,Rarely,A classmate,Regular group,Not sure,Somewhat interested,0
SCH-PGIRLS_1ARTS2_013_A,013,SCH-PGIRLS,1ARTS2,1,Female,15,Form 1,Public,General Arts,Boarding,Unknown,Never a problem,60,50,78,9-10 out of 10,No,5,3,Sometimes,Mostly belong,4,5,5,4,3,5,3,4,0-2 hrs/wk,Always,None,Rarely,Manage alone,No,Very confident,Somewhat interested,0
SCH-PGIRLS_1ARTS2_014_A,014,SCH-PGIRLS,1ARTS2,1,Female,15,Form 1,Public,General Arts,Boarding,Tertiary,Sometimes difficult,45,63,57,6-8 out of 10,No,5,0,Never,Mostly belong,5,4,5,4,3,5,3,5,8+ hrs/wk,Always,None,Almost every day,A teacher,Regular group,Very confident,Somewhat interested,0
SCH-PGIRLS_1ARTS2_015_A,015,SCH-PGIRLS,1ARTS2,1,Female,15,Form 1,Public,General Arts,Boarding,Tertiary,Never a problem,84,80,82,9-10 out of 10,No,5,0,Never,Strongly belong,5,5,5,4,5,5,5,4,3-5 hrs/wk,Always,None,A few times/wk,A teacher,Regular group,Very confident,Very interested,0
SCH-PGIRLS_1ARTS2_016_A,016,SCH-PGIRLS,1ARTS2,1,Female,17,Form 1,Public,General Arts,Boarding,JHS,Sometimes difficult,66,82,80,9-10 out of 10,No,5,0,Never,Strongly belong,4,4,4,4,3,4,3,3,0-2 hrs/wk,Sometimes,Paid work,About once/wk,Manage alone,No,Fairly confident,Not at all,0
SCH-PGIRLS_1ARTS2_017_A,017,SCH-PGIRLS,1ARTS2,1,Female,13,Form 1,Public,General Arts,Boarding,Tertiary,Sometimes difficult,67,48,70,9-10 out of 10,No,5,0,Never,Strongly belong,5,5,5,5,4,5,4,5,6-8 hrs/wk,Sometimes,None,A few times/wk,A classmate,No,Very confident,Very interested,0
SCH-PGIRLS_1ARTS2_018_A,018,SCH-PGIRLS,1ARTS2,1,Female,15,Form 1,Public,General Arts,Boarding,SHS,Never a problem,46,64,61,9-10 out of 10,No,5,2,Never,Mostly belong,5,5,5,4,4,5,3,2,6-8 hrs/wk,Always,None,A few times/wk,A classmate,No,Very confident,Not very,0
SCH-PGIRLS_1ARTS2_019_A,019,SCH-PGIRLS,1ARTS2,1,Female,16,Form 1,Public,General Arts,Boarding,SHS,Sometimes difficult,69,70,75,6-8 out of 10,No,5,0,Sometimes,Mostly belong,5,5,5,5,4,5,4,5,8+ hrs/wk,Rarely/Never,Heavy housework,A few times/wk,A classmate,Regular group,Very confident,Very interested,0
SCH-PGIRLS_1ARTS2_020_A,020,SCH-PGIRLS,1ARTS2,1,Female,16,Form 1,Public,General Arts,Boarding,Primary,Usually not a problem,60,57,64,9-10 out of 10,No,5,0,Often,Mostly belong,5,5,5,4,4,5,5,5,6-8 hrs/wk,Always,Heavy housework,A few times/wk,A teacher,Regular group,Very confident,Very interested,0
SCH-PGIRLS_1ARTS2_021_A,021,SCH-PGIRLS,1ARTS2,1,Female,15,Form 1,Public,General Arts,Boarding,Tertiary,Usually not a problem,71,75,79,9-10 out of 10,No,5,0,Never,Mostly belong,5,5,5,4,3,3,5,3,8+ hrs/wk,Sometimes,Heavy housework,Almost every day,A classmate,Sometimes informal,Very confident,Very interested,0
SCH-PGIRLS_1ARTS2_022_A,022,SCH-PGIRLS,1ARTS2,1,Female,14,Form 1,Public,General Arts,Boarding,Tertiary,Sometimes difficult,22,30,37,9-10 out of 10,No,5,5,Never,Not sure,5,5,5,5,3,5,5,4,8+ hrs/wk,Always,Heavy housework,Almost every day,A classmate,No,Not sure,Not at all,1
SCH-PGIRLS_1ARTS2_023_A,023,SCH-PGIRLS,1ARTS2,1,Female,15,Form 1,Public,General Arts,Boarding,SHS,Usually not a problem,69,62,70,9-10 out of 10,No,5,0,Never,Mostly not belong,5,5,5,4,5,5,3,1,3-5 hrs/wk,Always,Paid work,Almost every day,Manage alone,Regular group,Very confident,Somewhat interested,0
SCH-PGIRLS_1ARTS2_024_A,024,SCH-PGIRLS,1ARTS2,1,Female,15,Form 1,Public,General Arts,Boarding,SHS,Sometimes difficult,50,65,68,9-10 out of 10,No,5,7,Never,Mostly not belong,5,5,5,5,5,5,4,1,3-5 hrs/wk,Sometimes,Heavy housework,Almost every day,A classmate,Sometimes informal,Very confident,Very interested,0
SCH-PGIRLS_1ARTS2_025_A,025,SCH-PGIRLS,1ARTS2,1,Female,16,Form 1,Public,General Arts,Boarding,SHS,Sometimes difficult,65,64,67,9-10 out of 10,No,5,7,Never,Strongly belong,5,5,5,5,4,5,3,1,3-5 hrs/wk,Sometimes,Paid work,Almost every day,A classmate,Regular group,Very confident,Very interested,0
SCH-PGIRLS_1ARTS2_026_A,026,SCH-PGIRLS,1ARTS2,1,Female,16,Form 1,Public,General Arts,Boarding,SHS,Never a problem,48,59,62,9-10 out of 10,No,5,0,Never,Not sure,4,5,5,4,5,5,3,5,3-5 hrs/wk,Sometimes,Paid work,Almost every day,A classmate,No,Very confident,Somewhat interested,0
SCH-PGIRLS_1ARTS2_027_A,027,SCH-PGIRLS,1ARTS2,1,Female,17,Form 1,Public,General Arts,Boarding,Tertiary,Sometimes difficult,100,68,75,9-10 out of 10,No,5,0,Never,Not sure,5,5,5,5,4,5,4,4,8+ hrs/wk,Always,Heavy housework,Almost every day,A classmate,Regular group,Worried,Very interested,0
SCH-PGIRLS_1ARTS2_028_A,028,SCH-PGIRLS,1ARTS2,1,Female,15,Form 1,Public,General Arts,Boarding,SHS,Sometimes difficult,12,31,35,9-10 out of 10,No,5,0,Never,Strongly belong,5,5,5,5,5,5,5,5,3-5 hrs/wk,Sometimes,None,Almost every day,A classmate,Sometimes informal,Very confident,Very interested,1
SCH-PGIRLS_1ARTS2_029_A,029,SCH-PGIRLS,1ARTS2,1,Female,15,Form 1,Public,General Arts,Boarding,Unknown,Sometimes difficult,63,44,65,9-10 out of 10,No,5,0,Never,Strongly belong,5,5,5,5,4,5,3,5,6-8 hrs/wk,Always,Farming/trading,A few times/wk,A classmate,Sometimes informal,Very confident,Not at all,0
SCH-PGIRLS_1ARTS2_030_A,030,SCH-PGIRLS,1ARTS2,1,Female,15,Form 1,Public,General Arts,Boarding,Tertiary,Sometimes difficult,52,51,45,9-10 out of 10,No,5,7,Never,Strongly belong,5,5,5,5,4,5,5,5,3-5 hrs/wk,Sometimes,Heavy housework,A few times/wk,A classmate,No,Very confident,Very interested,1
SCH-PGIRLS_1ARTS2_031_A,031,SCH-PGIRLS,1ARTS2,1,Female,16,Form 1,Public,General Arts,Boarding,SHS,Sometimes difficult,61,52,69,9-10 out of 10,No,5,0,Never,Not sure,5,5,,5,5,4,5,5,6-8 hrs/wk,Always,Heavy housework,Almost every day,A classmate,No,Worried,Somewhat interested,0
SCH-PGIRLS_1ARTS2_032_A,032,SCH-PGIRLS,1ARTS2,1,Female,16,Form 1,Public,General Arts,Boarding,Tertiary,Sometimes difficult,50,56,70,6-8 out of 10,No,5,0,Never,Not sure,5,5,5,4,5,5,3,3,3-5 hrs/wk,Sometimes,Paid work,Almost every day,Manage alone,No,Worried,Somewhat interested,0
SCH-PGIRLS_1ARTS2_033_A,033,SCH-PGIRLS,1ARTS2,1,Female,16,Form 1,Public,General Arts,Boarding,JHS,Usually not a problem,75,80,74,9-10 out of 10,No,5,0,Never,Strongly belong,5,5,5,5,5,5,5,5,8+ hrs/wk,Always,Paid work,Almost every day,A classmate,Regular group,Very confident,Very interested,0
SCH-PGIRLS_1ARTS2_034_A,034,SCH-PGIRLS,1ARTS2,1,Female,16,Form 1,Public,General Arts,Boarding,JHS,Usually not a problem,75,85,80,9-10 out of 10,No,5,0,Never,Strongly belong,5,5,5,5,5,5,5,5,6-8 hrs/wk,Always,None,Almost every day,A classmate,Regular group,Very confident,Very interested,0
SCH-PGIRLS_1ARTS2_035_A,035,SCH-PGIRLS,1ARTS2,1,Female,15,Form 1,Public,General Arts,Boarding,SHS,Sometimes difficult,75,93,85,6-8 out of 10,No,5,0,Never,Not sure,5,4,5,2,2,5,4,5,3-5 hrs/wk,Sometimes,None,About once/wk,Manage alone,Regular group,Very confident,Not at all,0
SCH-PGIRLS_1ARTS2_036_A,036,SCH-PGIRLS,1ARTS2,1,Female,15,Form 1,Public,General Arts,Boarding,SHS,Usually not a problem,69,75,68,9-10 out of 10,No,5,0,Never,Mostly belong,4,5,5,5,4,5,4,4,8+ hrs/wk,Sometimes,None,A few times/wk,A classmate,Sometimes informal,Very confident,Very interested,0
SCH-PGIRLS_1ARTS2_037_A,037,SCH-PGIRLS,1ARTS2,1,Female,15,Form 1,Public,General Arts,Boarding,JHS,Sometimes difficult,60,79,80,9-10 out of 10,No,5,5,Never,Strongly belong,5,5,4,4,5,5,5,4,8+ hrs/wk,Sometimes,Farming/trading,A few times/wk,A teacher,Sometimes informal,Very confident,Very interested,0
SCH-PGIRLS_1ARTS2_038,038,SCH-PGIRLS,1ARTS2,1,Female,16,Form 1,Public,General Arts,Boarding,Tertiary,Sometimes difficult,50,79,62,9-10 out of 10,No,5,2,Sometimes,Mostly belong,5,5,5,5,4,5,5,5,8+ hrs/wk,Always,None,A few times/wk,A classmate,Regular group,Very confident,Very interested,0
SCH-PGIRLS_1ARTS2_039,039,SCH-PGIRLS,1ARTS2,1,Female,16,Form 1,Public,General Arts,Boarding,SHS,Sometimes difficult,60,62,67,6-8 out of 10,No,4,4,Sometimes,Mostly belong,5,5,4,5,4,4,4,4,6-8 hrs/wk,Always,Heavy housework,A few times/wk,A classmate,No,Very confident,Very interested,0
SCH-PGIRLS_1ARTS2_040,040,SCH-PGIRLS,1ARTS2,1,Female,15,Form 1,Public,General Arts,Day,Tertiary,Sometimes difficult,80,73,80,9-10 out of 10,No,4,4,Never,Not sure,3,4,5,5,5,5,4,5,8+ hrs/wk,Always,Heavy housework,About once/wk,A teacher,No,Fairly confident,Somewhat interested,0
SCH-PGIRLS_1ARTS2_041,041,SCH-PGIRLS,1ARTS2,1,Female,16,Form 1,Public,General Arts,Day,Primary,Sometimes difficult,45,35,60,6-8 out of 10,No,4,6,Often,Mostly belong,4,5,4,4,5,5,5,4,8+ hrs/wk,Sometimes,Heavy housework,A few times/wk,A classmate,No,Very confident,Somewhat interested,0
SCH-PGIRLS_1ARTS2_037_B,037,SCH-PGIRLS,1ARTS2,1,Female,15,Form 1,Public,General Arts,Boarding,JHS,Sometimes difficult,60,79,70,9-10 out of 10,No,5,5,Never,Strongly belong,5,5,5,4,4,5,5,4,8+ hrs/wk,Sometimes,Farming/trading,A few times/wk,A teacher,Sometimes informal,Very confident,Very interested,0
SCH-PGIRLS_1ARTS2_036_B,036,SCH-PGIRLS,1ARTS2,1,Female,15,Form 1,Public,General Arts,Boarding,SHS,Usually not a problem,69,75,78,9-10 out of 10,No,5,0,Never,Mostly not belong,4,5,5,4,5,4,4,4,8+ hrs/wk,Sometimes,None,A few times/wk,A classmate,Sometimes informal,Fairly confident,Very interested,0
SCH-PGIRLS_1ARTS2_035_B,035,SCH-PGIRLS,1ARTS2,1,Female,15,Form 1,Public,General Arts,Boarding,SHS,Sometimes difficult,75,93,90,6-8 out of 10,No,5,0,Never,Not sure,5,4,5,2,2,3,5,4,3-5 hrs/wk,Sometimes,None,About once/wk,Manage alone,Regular group,Very confident,Not at all,0
SCH-PGIRLS_1ARTS2_034_B,034,SCH-PGIRLS,1ARTS2,1,Female,16,Form 1,Public,General Arts,Boarding,JHS,Usually not a problem,75,85,80,9-10 out of 10,No,5,0,Never,Strongly belong,5,5,5,5,5,5,5,5,6-8 hrs/wk,Always,None,About once/wk,A classmate,Regular group,Very confident,Very interested,0
SCH-PGIRLS_1ARTS2_033_B,033,SCH-PGIRLS,1ARTS2,1,Female,16,Form 1,Public,General Arts,Boarding,JHS,Usually not a problem,75,80,81,9-10 out of 10,No,5,0,Never,Strongly belong,5,5,5,5,5,5,5,5,8+ hrs/wk,Always,Paid work,Almost every day,A classmate,Regular group,Very confident,Very interested,0
SCH-PGIRLS_1ARTS2_032_B,032,SCH-PGIRLS,1ARTS2,1,Female,16,Form 1,Public,General Arts,Boarding,Tertiary,Sometimes difficult,50,56,72,6-8 out of 10,No,5,0,Never,Not sure,5,5,5,4,5,5,3,3,3-5 hrs/wk,Sometimes,Paid work,Almost every day,Manage alone,No,Worried,Somewhat interested,0
SCH-PGIRLS_1ARTS2_031_B,031,SCH-PGIRLS,1ARTS2,1,Female,16,Form 1,Public,General Arts,Day,SHS,Sometimes difficult,61,78,75,9-10 out of 10,No,5,0,Never,Not sure,5,5,4,5,5,5,3,5,6-8 hrs/wk,Always,Heavy housework,Almost every day,A classmate,No,Worried,Somewhat interested,0
SCH-PGIRLS_1ARTS2_030_B,030,SCH-PGIRLS,1ARTS2,1,Female,15,Form 1,Public,General Arts,Boarding,Tertiary,Sometimes difficult,52,51,44,9-10 out of 10,No,5,7,Never,Strongly belong,5,5,5,5,4,5,5,5,3-5 hrs/wk,Sometimes,Heavy housework,A few times/wk,A classmate,No,Very confident,Very interested,1
SCH-PGIRLS_1ARTS2_029_B,029,SCH-PGIRLS,1ARTS2,1,Female,15,Form 1,Public,General Arts,Boarding,Unknown,Sometimes difficult,63,44,68,9-10 out of 10,No,5,0,Never,Strongly belong,5,5,5,5,4,5,3,5,6-8 hrs/wk,Always,Paid work,A few times/wk,A classmate,Sometimes informal,Very confident,Not at all,0
SCH-PGIRLS_1ARTS2_028_B,028,SCH-PGIRLS,1ARTS2,1,Female,15,Form 1,Public,General Arts,Day,SHS,Sometimes difficult,12,31,21,9-10 out of 10,No,5,0,Never,Strongly belong,5,5,5,5,5,5,5,5,3-5 hrs/wk,Sometimes,Heavy housework,Almost every day,A classmate,Sometimes informal,Very confident,Very interested,1
SCH-PGIRLS_1ARTS2_027_B,027,SCH-PGIRLS,1ARTS2,1,Female,17,Form 1,Public,General Arts,Boarding,Tertiary,Sometimes difficult,100,68,76,9-10 out of 10,No,4,6,Never,Not sure,5,5,5,5,4,5,4,4,8+ hrs/wk,Always,Heavy housework,Almost every day,A classmate,Regular group,Worried,Very interested,0
SCH-PGIRLS_1ARTS2_026_B,026,SCH-PGIRLS,1ARTS2,1,Female,16,Form 1,Public,General Arts,Boarding,SHS,Never a problem,48,59,65,9-10 out of 10,No,5,0,Never,Not sure,4,5,5,4,4,4,3,5,3-5 hrs/wk,Sometimes,Paid work,Almost every day,A classmate,No,Very confident,Somewhat interested,0
SCH-PGIRLS_1ARTS2_025_B,025,SCH-PGIRLS,1ARTS2,1,Female,16,Form 1,Public,General Arts,Boarding,SHS,Sometimes difficult,65,64,68,9-10 out of 10,No,5,7,Never,Mostly belong,5,5,5,5,4,5,3,1,3-5 hrs/wk,Sometimes,Heavy housework,Almost every day,A classmate,Regular group,Very confident,Very interested,0
SCH-PGIRLS_1ARTS2_024_B,024,SCH-PGIRLS,1ARTS2,1,Female,15,Form 1,Public,General Arts,Boarding,SHS,Sometimes difficult,50,65,55,9-10 out of 10,No,5,7,Never,Mostly not belong,5,5,5,5,5,5,3,1,3-5 hrs/wk,Sometimes,Heavy housework,Almost every day,A classmate,Sometimes informal,Very confident,Very interested,0
SCH-PGIRLS_1ARTS2_023_B,023,SCH-PGIRLS,1ARTS2,1,Female,15,Form 1,Public,General Arts,Boarding,SHS,Usually not a problem,69,62,65,9-10 out of 10,No,5,0,Never,Mostly belong,5,5,5,4,5,5,3,1,3-5 hrs/wk,Always,Paid work,Almost every day,Manage alone,Regular group,Very confident,Somewhat interested,0
SCH-PGIRLS_1ARTS2_022_B,022,SCH-PGIRLS,1ARTS2,1,Female,14,Form 1,Public,General Arts,Boarding,Tertiary,Sometimes difficult,22,30,26,9-10 out of 10,No,5,5,Never,Not sure,5,5,5,5,3,5,5,4,8+ hrs/wk,Always,Heavy housework,Almost every day,A classmate,No,Not sure,Not at all,1
SCH-PGIRLS_1ARTS2_021_B,021,SCH-PGIRLS,1ARTS2,1,Female,15,Form 1,Public,General Arts,Boarding,Tertiary,Usually not a problem,71,75,70,9-10 out of 10,No,5,0,Never,Not sure,5,5,5,3,3,5,3,4,0-2 hrs/wk,Sometimes,Heavy housework,Almost every day,A classmate,Sometimes informal,Very confident,Very interested,0
SCH-PGIRLS_1ARTS2_020_B,020,SCH-PGIRLS,1ARTS2,1,Female,16,Form 1,Public,General Arts,Boarding,Primary,Usually not a problem,60,57,62,9-10 out of 10,No,5,0,Often,Mostly belong,5,5,5,4,4,5,5,5,6-8 hrs/wk,Always,Heavy housework,About once/wk,A teacher,Regular group,Very confident,Very interested,0
SCH-PGIRLS_1ARTS2_019_B,019,SCH-PGIRLS,1ARTS2,1,Female,16,Form 1,Public,General Arts,Boarding,SHS,Sometimes difficult,69,70,72,6-8 out of 10,No,5,0,Sometimes,Mostly belong,5,5,5,5,4,5,4,5,8+ hrs/wk,Sometimes,Heavy housework,A few times/wk,A classmate,Regular group,Very confident,Very interested,0
SCH-PGIRLS_1ARTS2_018_B,018,SCH-PGIRLS,1ARTS2,1,Female,15,Form 1,Public,General Arts,Boarding,SHS,Never a problem,46,64,60,9-10 out of 10,No,5,2,Never,Mostly belong,5,5,5,4,4,5,3,2,6-8 hrs/wk,Always,None,A few times/wk,A classmate,No,Very confident,Not very,0
SCH-PGIRLS_1ARTS2_017_B,017,SCH-PGIRLS,1ARTS2,1,Female,13,Form 1,Public,General Arts,Boarding,Tertiary,Sometimes difficult,67,48,65,9-10 out of 10,No,5,0,Never,Strongly belong,5,5,5,5,4,5,4,5,6-8 hrs/wk,Sometimes,None,A few times/wk,A classmate,No,Very confident,Very interested,0
SCH-PGIRLS_1ARTS2_016_B,016,SCH-PGIRLS,1ARTS2,1,Female,17,Form 1,Public,General Arts,Boarding,JHS,Sometimes difficult,66,82,80,9-10 out of 10,No,5,0,Never,Strongly belong,4,4,4,4,3,4,3,3,0-2 hrs/wk,Sometimes,Paid work,About once/wk,A classmate,No,Fairly confident,Not at all,0
SCH-PGIRLS_1ARTS2_015_B,015,SCH-PGIRLS,1ARTS2,1,Female,14,Form 1,Public,General Arts,Boarding,Tertiary,Never a problem,64,80,82,9-10 out of 10,No,5,0,Never,Strongly belong,5,5,5,4,5,5,5,4,3-5 hrs/wk,Always,None,A few times/wk,A teacher,Regular group,Very confident,Very interested,0
SCH-PGIRLS_1ARTS2_014_B,014,SCH-PGIRLS,1ARTS2,1,Female,15,Form 1,Public,General Arts,Boarding,Tertiary,Sometimes difficult,45,63,58,6-8 out of 10,No,5,0,Never,Mostly belong,5,4,5,5,3,5,4,5,8+ hrs/wk,Always,None,Almost every day,A teacher,Regular group,Very confident,Somewhat interested,0
SCH-PGIRLS_1ARTS2_013_B,013,SCH-PGIRLS,1ARTS2,1,Female,15,Form 1,Public,General Arts,Boarding,Unknown,Never a problem,60,50,65,9-10 out of 10,No,5,3,Sometimes,Mostly belong,4,5,5,4,3,5,2,4,0-2 hrs/wk,Always,None,Rarely,Manage alone,No,Very confident,Somewhat interested,0
SCH-PGIRLS_1ARTS2_012_B,012,SCH-PGIRLS,1ARTS2,1,Female,17,Form 1,Public,General Arts,Boarding,JHS,Very difficult,60,58,77,9-10 out of 10,No,5,0,Sometimes,Mostly belong,4,4,5,5,4,3,5,2,3-5 hrs/wk,Sometimes,Paid work,Rarely,A classmate,Regular group,Not sure,Somewhat interested,0
SCH-PGIRLS_1ARTS2_011_B,011,SCH-PGIRLS,1ARTS2,1,Female,17,Form 1,Public,General Arts,Boarding,SHS,Sometimes difficult,62,66,70,9-10 out of 10,No,5,0,Sometimes,Mostly belong,5,5,5,5,4,5,5,4,6-8 hrs/wk,Always,Heavy housework,Rarely,Manage alone,No,Very confident,Very interested,0
SCH-PGIRLS_1ARTS2_010_B,010,SCH-PGIRLS,1ARTS2,1,Female,16,Form 1,Public,General Arts,Boarding,JHS,Sometimes difficult,57,51,72,9-10 out of 10,No,5,0,Sometimes,Not sure,4,5,5,3,3,5,3,4,3-5 hrs/wk,Sometimes,Heavy housework,A few times/wk,A classmate,Sometimes informal,Fairly confident,Somewhat interested,0
SCH-PGIRLS_1ARTS2_009_B,009,SCH-PGIRLS,1ARTS2,1,Female,15,Form 1,Public,General Arts,Boarding,JHS,Sometimes difficult,40,50,58,9-10 out of 10,No,5,0,Never,Strongly belong,,4,5,5,4,5,3,5,3-5 hrs/wk,Always,None,A few times/wk,A classmate,No,Very confident,Somewhat interested,0
SCH-PGIRLS_1ARTS2_008_B,008,SCH-PGIRLS,1ARTS2,1,Female,17,Form 1,Public,General Arts,Boarding,Tertiary,Sometimes difficult,20,24,40,6-8 out of 10,No,5,0,Never,Strongly belong,4,5,5,4,4,5,4,5,3-5 hrs/wk,Sometimes,Heavy housework,Rarely,A teacher,No,Very confident,Very interested,1
SCH-PGIRLS_1ARTS2_007_B,007,SCH-PGIRLS,1ARTS2,1,Female,16,Form 1,Public,General Arts,Day,Tertiary,Usually not a problem,91,48,88,9-10 out of 10,No,4,8,Never,Mostly belong,4,5,5,4,5,5,3,4,8+ hrs/wk,Always,Heavy housework,Almost every day,A classmate,No,Very confident,Somewhat interested,0
SCH-PGIRLS_1ARTS2_006_B,006,SCH-PGIRLS,1ARTS2,1,Female,15,Form 1,Public,General Arts,Day,Tertiary,Sometimes difficult,92,65,85,9-10 out of 10,No,5,2,Often,Mostly not belong,5,5,5,3,5,5,5,3,6-8 hrs/wk,Sometimes,Farming/trading,A few times/wk,A classmate,No,Very confident,Very interested,0
SCH-PGIRLS_1ARTS2_005_B,005,SCH-PGIRLS,1ARTS2,1,Female,15,Form 1,Public,General Arts,Boarding,SHS,Usually not a problem,69,52,60,6-8 out of 10,No,3,14,Sometimes,Mostly belong,4,5,5,4,3,5,3,5,0-2 hrs/wk,Sometimes,Heavy housework,A few times/wk,A classmate,Sometimes informal,Fairly confident,Somewhat interested,0
SCH-PGIRLS_1ARTS2_004_B,004,SCH-PGIRLS,1ARTS2,1,Female,16,Form 1,Public,General Arts,Boarding,JHS,Usually not a problem,49,65,68,9-10 out of 10,No,5,2,Never,Mostly belong,5,5,5,3,4,5,4,5,3-5 hrs/wk,Sometimes,Heavy housework,A few times/wk,A teacher,No,Very confident,Very interested,0
SCH-PGIRLS_1ARTS2_003_B,003,SCH-PGIRLS,1ARTS2,1,Female,17,Form 1,Public,General Arts,Boarding,Tertiary,Never a problem,55,50,48,9-10 out of 10,No,5,3,Sometimes,Mostly belong,4,4,4,4,4,4,4,4,3-5 hrs/wk,Always,Heavy housework,A few times/wk,A classmate,Regular group,Very confident,Very interested,1
SCH-PGIRLS_1ARTS2_002_B,002,SCH-PGIRLS,1ARTS2,1,Female,15,Form 1,Public,General Arts,Boarding,Tertiary,Usually not a problem,67,65,72,9-10 out of 10,No,5,0,Never,Strongly belong,5,5,5,5,5,5,4,5,8+ hrs/wk,Always,None,About once/wk,A teacher,Sometimes informal,Very confident,Very interested,0
SCH-PGIRLS_1ARTS2_001_B,001,SCH-PGIRLS,1ARTS2,1,Female,16,Form 1,Public,General Arts,Boarding,SHS,Usually not a problem,40,32,41,6-8 out of 10,No,5,4,Sometimes,Mostly belong,4,5,4,3,5,4,4,3,6-8 hrs/wk,Sometimes,None,A few times/wk,A classmate,Regular group,Very confident,Somewhat interested,1
SCH-JOY_2ARTS1-A_001,001,SCH-JOY,2ARTS1-A,1,Female,16,Form 2,Private,General Arts,Boarding,Tertiary,Sometimes difficult,56,79,60,9-10 out of 10,No,5,12,Often,Not sure,5,5,5,5,4,5,5,5,3-5 hrs/wk,Always,Paid work,A few times/wk,A classmate,Sometimes informal,Fairly confident,Somewhat interested,0
SCH-JOY_2ARTS1-A_002,002,SCH-JOY,2ARTS1-A,1,Male,16,Form 2,Private,General Arts,Boarding,JHS,Sometimes difficult,59,76,78,9-10 out of 10,No,5,0,Never,Mostly not belong,4,5,5,3,5,5,2,5,0-2 hrs/wk,Rarely/Never,None,A few times/wk,A classmate,No,Fairly confident,Not very,0
SCH-JOY_2ARTS1-A_003,003,SCH-JOY,2ARTS1-A,1,Male,18,Form 2,Private,General Arts,Boarding,Tertiary,Sometimes difficult,75,89,85,9-10 out of 10,No,5,5,Never,Not sure,5,5,4,5,5,4,5,5,8+ hrs/wk,Sometimes,Farming/trading,A few times/wk,A classmate,Sometimes informal,Not sure,Somewhat interested,0
SCH-JOY_2ARTS1-A_004,004,SCH-JOY,2ARTS1-A,1,Male,17,Form 2,Private,General Arts,Boarding,Tertiary,Usually not a problem,64,75,73,9-10 out of 10,No,5,5,Never,Mostly belong,4,4,5,4,4,5,4,4,3-5 hrs/wk,Always,None,A few times/wk,A classmate,Sometimes informal,Fairly confident,Somewhat interested,0
SCH-JOY_2ARTS1-A_005,005,SCH-JOY,2ARTS1-A,1,Female,17,Form 2,Private,General Arts,Day,SHS,Sometimes difficult,51,92,86,9-10 out of 10,No,5,4,Never,Mostly belong,4,4,4,4,3,5,4,5,3-5 hrs/wk,Sometimes,Farming/trading,Rarely,A classmate,Sometimes informal,Not sure,Somewhat interested,0
SCH-JOY_2ARTS1-A_006,006,SCH-JOY,2ARTS1-A,1,Male,16,Form 2,Private,General Arts,Day,SHS,Sometimes difficult,47,81,50,9-10 out of 10,No,4,4,Never,Mostly belong,4,5,5,4,3,5,5,5,3-5 hrs/wk,Sometimes,Heavy housework,Rarely,A classmate,Sometimes informal,Not sure,Somewhat interested,0
SCH-JOY_2ARTS1-A_007,007,SCH-JOY,2ARTS1-A,1,Female,15,Form 2,Private,General Arts,Boarding,JHS,Usually not a problem,50,57,58,9-10 out of 10,No,5,0,Never,Not sure,3,4,5,4,3,3,4,3,6-8 hrs/wk,Rarely/Never,None,A few times/wk,A classmate,No,Fairly confident,Not very,0
SCH-JOY_2ARTS1-A_008,008,SCH-JOY,2ARTS1-A,1,Male,16,Form 2,Private,General Arts,Day,Tertiary,Sometimes difficult,59,83,80,9-10 out of 10,No,5,5,Sometimes,Mostly belong,5,5,5,5,5,5,5,5,3-5 hrs/wk,Always,None,A few times/wk,A classmate,Sometimes informal,Fairly confident,Not very,0
SCH-JOY_2ARTS1-A_009,009,SCH-JOY,2ARTS1-A,1,Female,17,Form 2,Private,General Arts,Boarding,Tertiary,Never a problem,35,34,48,6-8 out of 10,No,5,0,Never,Strongly belong,4,5,5,5,,5,5,1,3-5 hrs/wk,Always,None,A few times/wk,A classmate,No,Fairly confident,Somewhat interested,1
SCH-JOY_2ARTS1-A_010,010,SCH-JOY,2ARTS1-A,1,Female,16,Form 2,Private,General Arts,Boarding,JHS,Sometimes difficult,66,78,69,6-8 out of 10,No,5,0,Never,Mostly not belong,5,5,5,4,4,5,3,5,3-5 hrs/wk,Sometimes,None,A few times/wk,A classmate,Sometimes informal,Not sure,Not very,0
SCH-JOY_2ARTS1-A_011,011,SCH-JOY,2ARTS1-A,1,Female,16,Form 2,Private,General Arts,Boarding,SHS,Sometimes difficult,50,75,70,6-8 out of 10,No,5,2,Sometimes,Mostly not belong,4,5,5,5,5,5,5,5,3-5 hrs/wk,Rarely/Never,None,Almost every day,A classmate,Sometimes informal,Very confident,Not at all,0
SCH-JOY_2ARTS1-A_012,012,SCH-JOY,2ARTS1-A,1,Female,14,Form 2,Private,General Arts,Day,Tertiary,Sometimes difficult,18,22,30,6-8 out of 10,No,5,7,Never,Mostly not belong,1,3,5,4,1,5,4,1,0-2 hrs/wk,Sometimes,Paid work,Rarely,Manage alone,Sometimes informal,Worried,Somewhat interested,1
SCH-JOY_2ARTS1-A_013,013,SCH-JOY,2ARTS1-A,1,Female,16,Form 2,Private,General Arts,Boarding,SHS,Sometimes difficult,15,20,34,3-5 out of 10,No,5,6,Never,Not sure,3,2,5,4,1,1,4,5,0-2 hrs/wk,Sometimes,None,A few times/wk,A classmate,Sometimes informal,Not sure,Somewhat interested,1
SCH-JOY_2ARTS1-A_014,014,SCH-JOY,2ARTS1-A,1,Male,16,Form 2,Private,General Arts,Boarding,SHS,Sometimes difficult,81,91,88,9-10 out of 10,No,5,3,Never,Strongly belong,5,5,5,5,5,5,5,5,6-8 hrs/wk,Sometimes,Paid work,A few times/wk,A classmate,Sometimes informal,Very confident,Somewhat interested,0
SCH-JOY_2ARTS1-A_015,015,SCH-JOY,2ARTS1-A,1,Male,17,Form 2,Private,General Arts,Boarding,SHS,Sometimes difficult,50,66,60,6-8 out of 10,No,5,0,Never,Mostly belong,4,5,5,4,3,5,4,5,6-8 hrs/wk,Rarely/Never,Paid work,Rarely,A classmate,Regular group,Not sure,Not at all,0
SCH-JOY_2ARTS1-A_016,016,SCH-JOY,2ARTS1-A,1,Male,16,Form 2,Private,General Arts,Boarding,SHS,Sometimes difficult,62,44,51,9-10 out of 10,No,5,0,Never,Mostly belong,5,4,4,5,4,5,5,5,6-8 hrs/wk,Sometimes,Farming/trading,Almost every day,A classmate,Sometimes informal,Very confident,Very interested,1
SCH-JOY_2ARTS1-A_017,017,SCH-JOY,2ARTS1-A,1,Male,16,Form 2,Private,General Arts,Day,Tertiary,Usually not a problem,88,74,89,9-10 out of 10,No,4,6,Often,Mostly belong,5,5,5,5,4,5,5,5,8+ hrs/wk,Sometimes,None,Almost every day,A classmate,Regular group,Very confident,Very interested,0
SCH-JOY_2ARTS1-A_018,018,SCH-JOY,2ARTS1-A,1,Male,18,Form 2,Private,General Arts,Boarding,Tertiary,Never a problem,75,55,62,9-10 out of 10,No,5,0,Never,Strongly belong,4,4,3,3,4,4,1,2,3-5 hrs/wk,Always,Heavy housework,Almost every day,A classmate,Regular group,Very confident,Very interested,0
SCH-JOY_2ARTS1-A_019,019,SCH-JOY,2ARTS1-A,1,Male,17,Form 2,Private,General Arts,Boarding,Tertiary,Very difficult,30,68,50,9-10 out of 10,No,5,2,Never,Strongly belong,5,5,5,2,2,5,1,1,0-2 hrs/wk,Sometimes,None,Almost every day,Manage alone,Regular group,Very worried,Not very,1
SCH-JOY_2ARTS1-A_020,020,SCH-JOY,2ARTS1-A,1,Female,17,Form 2,Private,General Arts,Boarding,SHS,Sometimes difficult,55,63,45,9-10 out of 10,No,5,5,Never,Mostly not belong,5,5,5,5,5,5,4,4,3-5 hrs/wk,Sometimes,None,Almost every day,A classmate,Sometimes informal,Not sure,Somewhat interested,1
SCH-JOY_2ARTS1-A_021,021,SCH-JOY,2ARTS1-A,1,Female,20,Form 2,Private,General Arts,Day,JHS,Usually not a problem,79,83,84,9-10 out of 10,No,3,14,Often,Mostly not belong,5,5,5,4,4,5,4,5,6-8 hrs/wk,Sometimes,Paid work,Almost every day,A classmate,Sometimes informal,Not sure,Very interested,0
SCH-JOY_2ARTS1-A_022,022,SCH-JOY,2ARTS1-A,1,Male,17,Form 2,Private,General Arts,Day,JHS,Sometimes difficult,34,51,59,6-8 out of 10,No,4,10,Sometimes,Mostly belong,4,5,5,5,4,5,4,5,3-5 hrs/wk,Sometimes,Paid work,Almost every day,A classmate,Sometimes informal,Fairly confident,Somewhat interested,1
SCH-JOY_2ARTS1-A_023,023,SCH-JOY,2ARTS1-A,1,Female,18,Form 2,Private,General Arts,Boarding,Tertiary,Never a problem,75,82,80,6-8 out of 10,No,5,10,Sometimes,Not sure,2,1,2,2,1,2,2,4,3-5 hrs/wk,Always,None,A few times/wk,A classmate,Regular group,Worried,Somewhat interested,0
SCH-JOY_2ARTS1-A_024,024,SCH-JOY,2ARTS1-A,1,Male,20,Form 2,Private,General Arts,Boarding,SHS,Sometimes difficult,59,76,58,9-10 out of 10,No,5,21,Never,Strongly belong,5,5,5,4,4,5,4,5,3-5 hrs/wk,Sometimes,Heavy housework,Almost every day,A classmate,Regular group,Fairly confident,Very interested,0
SCH-JOY_2ARTS1-A_025,025,SCH-JOY,2ARTS1-A,1,Female,18,Form 2,Private,General Arts,Boarding,Tertiary,Sometimes difficult,28,17,40,6-8 out of 10,No,5,2,Sometimes,Strongly belong,5,5,5,3,3,5,5,5,3-5 hrs/wk,Sometimes,None,Almost every day,A classmate,Sometimes informal,Not sure,Very interested,1
SCH-JOY_2ARTS1-A_026,026,SCH-JOY,2ARTS1-A,1,Male,16,Form 2,Private,General Arts,Day,Tertiary,Sometimes difficult,21,50,51,9-10 out of 10,No,4,8,Often,Mostly belong,5,5,5,4,4,5,3,3,6-8 hrs/wk,Sometimes,None,A few times/wk,Manage alone,No,Not sure,Not very,1
SCH-JOY_2ARTS1-A_027,027,SCH-JOY,2ARTS1-A,1,Male,18,Form 2,Private,General Arts,Day,SHS,Sometimes difficult,56,68,53,6-8 out of 10,No,5,4,Sometimes,Mostly not belong,4,5,5,5,2,5,1,5,3-5 hrs/wk,Always,Heavy housework,A few times/wk,A classmate,No,Fairly confident,Very interested,0
SCH-JOY_2ARTS1-A_028,028,SCH-JOY,2ARTS1-A,1,Male,21,Form 2,Private,General Arts,Boarding,JHS,Sometimes difficult,22,20,40,9-10 out of 10,No,5,0,Never,Mostly not belong,4,5,5,4,5,5,2,5,0-2 hrs/wk,Rarely/Never,None,A few times/wk,A classmate,No,Fairly confident,Not very,1
SCH-JOY_2ARTS1-A_029,029,SCH-JOY,2ARTS1-A,1,Female,17,Form 2,Private,General Arts,Boarding,SHS,Sometimes difficult,49,62,55,9-10 out of 10,No,5,2,Never,Not sure,4,4,4,4,3,4,1,4,3-5 hrs/wk,Rarely/Never,Heavy housework,About once/wk,A classmate,Sometimes informal,Very worried,Very interested,0
SCH-JOY_2ARTS1-A_030,030,SCH-JOY,2ARTS1-A,1,Male,18,Form 2,Private,General Arts,Boarding,JHS,Never a problem,58,43,58,6-8 out of 10,No,4,14,Never,Strongly belong,5,5,5,5,5,4,2,4,0-2 hrs/wk,Always,Farming/trading,Rarely,A classmate,No,Very confident,Very interested,0
SCH-JOY_2ARTS1-B_001,001,SCH-JOY,2ARTS1-B,1,Male,16,Form 2,Private,General Arts,Day,Tertiary,Sometimes difficult,71,95,85,6-8 out of 10,No,4,4,Often,Mostly belong,4,5,5,4,4,5,4,2,3-5 hrs/wk,Sometimes,Heavy housework,A few times/wk,A classmate,Sometimes informal,Very confident,Somewhat interested,0
SCH-JOY_2ARTS1-B_002,002,SCH-JOY,2ARTS1-B,1,Female,19,Form 2,Private,General Arts,Boarding,Tertiary,Sometimes difficult,75,89,80,9-10 out of 10,No,5,0,Never,Not sure,4,5,5,4,5,4,4,5,6-8 hrs/wk,Sometimes,Heavy housework,A few times/wk,A classmate,Sometimes informal,Very confident,Very interested,0
SCH-JOY_2ARTS1-B_003,003,SCH-JOY,2ARTS1-B,1,Female,18,Form 2,Private,General Arts,Boarding,JHS,Never a problem,23,58,45,9-10 out of 10,No,5,3,Never,Not sure,5,4,4,4,5,5,5,5,3-5 hrs/wk,Sometimes,Heavy housework,Almost every day,A classmate,Sometimes informal,Very confident,Somewhat interested,1
SCH-JOY_2ARTS1-B_004,004,SCH-JOY,2ARTS1-B,1,Male,16,Form 2,Private,General Arts,Day,Tertiary,Never a problem,50,65,60,6-8 out of 10,No,5,2,Very often,Mostly belong,5,5,5,4,3,5,3,1,0-2 hrs/wk,Always,None,Rarely,A classmate,No,Fairly confident,Somewhat interested,0
SCH-JOY_2ARTS1-B_005,005,SCH-JOY,2ARTS1-B,1,Male,18,Form 2,Private,General Arts,Boarding,SHS,Sometimes difficult,28,45,48,9-10 out of 10,No,4,5,Very often,Not sure,5,5,5,5,4,5,4,4,0-2 hrs/wk,Sometimes,Farming/trading,About once/wk,A classmate,Regular group,Very confident,Somewhat interested,1
SCH-JOY_2ARTS1-B_006,006,SCH-JOY,2ARTS1-B,1,Female,18,Form 2,Private,General Arts,Boarding,SHS,Sometimes difficult,45,71,78,9-10 out of 10,No,5,0,Never,Mostly belong,5,4,5,4,4,5,2,3,0-2 hrs/wk,Sometimes,Paid work,About once/wk,A classmate,Regular group,Very confident,Somewhat interested,0
SCH-JOY_2ARTS1-B_007,007,SCH-JOY,2ARTS1-B,1,Female,16,Form 2,Private,General Arts,Boarding,SHS,Sometimes difficult,28,39,42,6-8 out of 10,No,5,0,Never,Mostly belong,5,5,5,4,5,5,4,4,0-2 hrs/wk,Sometimes,Heavy housework,About once/wk,A classmate,Regular group,Very confident,Somewhat interested,1
SCH-JOY_2ARTS1-B_008,008,SCH-JOY,2ARTS1-B,1,Female,17,Form 2,Private,General Arts,Boarding,SHS,Sometimes difficult,57,68,72,9-10 out of 10,No,5,0,Never,Mostly belong,5,5,5,4,4,5,3,3,0-2 hrs/wk,Sometimes,Paid work,A few times/wk,A classmate,Sometimes informal,Very confident,Somewhat interested,0
SCH-JOY_2ARTS1-B_009,009,SCH-JOY,2ARTS1-B,1,Female,17,Form 2,Private,General Arts,Day,Unknown,Sometimes difficult,33,64,57,9-10 out of 10,No,5,0,Sometimes,Not sure,5,5,4,4,4,5,4,4,6-8 hrs/wk,Sometimes,Heavy housework,A few times/wk,A classmate,Sometimes informal,Very confident,Somewhat interested,0
SCH-JOY_2ARTS1-B_010,010,SCH-JOY,2ARTS1-B,1,Female,16,Form 2,Private,General Arts,Boarding,Tertiary,Very difficult,47,64,67,9-10 out of 10,No,5,0,Never,Not sure,5,5,5,5,5,5,5,5,3-5 hrs/wk,Sometimes,None,About once/wk,A classmate,Regular group,Very confident,Somewhat interested,0
SCH-JOY_2ARTS1-B_011,011,SCH-JOY,2ARTS1-B,1,Female,17,Form 2,Private,General Arts,Boarding,Unknown,Sometimes difficult,32,72,64,9-10 out of 10,No,5,0,Never,Not sure,5,4,5,5,5,5,5,4,3-5 hrs/wk,Sometimes,None,A few times/wk,A classmate,Regular group,Very confident,Somewhat interested,0
SCH-JOY_2ARTS1-B_012,012,SCH-JOY,2ARTS1-B,1,Female,19,Form 2,Private,General Arts,Boarding,Tertiary,Sometimes difficult,77,75,88,9-10 out of 10,No,5,0,Never,Not sure,5,5,5,4,5,5,5,3,3-5 hrs/wk,Sometimes,None,A few times/wk,A classmate,Regular group,Very confident,Somewhat interested,0
SCH-JOY_2ARTS1-B_013,013,SCH-JOY,2ARTS1-B,1,Male,17,Form 2,Private,General Arts,Boarding,Unknown,Sometimes difficult,80,75,81,9-10 out of 10,No,5,0,Never,Not sure,5,5,5,4,5,5,5,5,3-5 hrs/wk,Sometimes,None,About once/wk,A classmate,Regular group,Very confident,Somewhat interested,0
SCH-JOY_2ARTS1-B_014,014,SCH-JOY,2ARTS1-B,1,Male,19,Form 2,Private,General Arts,Boarding,SHS,Sometimes difficult,82,75,80,9-10 out of 10,No,5,0,Never,Not sure,4,5,5,4,4,5,4,4,3-5 hrs/wk,Sometimes,Heavy housework,A few times/wk,A classmate,Regular group,Very confident,Somewhat interested,0
SCH-JOY_2ARTS1-B_015,015,SCH-JOY,2ARTS1-B,1,Female,17,Form 2,Private,General Arts,Day,SHS,Sometimes difficult,40,68,71,9-10 out of 10,No,3,15,Never,Not sure,5,5,5,4,4,5,4,4,3-5 hrs/wk,Sometimes,Heavy housework,A few times/wk,A classmate,Regular group,Very confident,Somewhat interested,0
SCH-JOY_2ARTS1-B_016,016,SCH-JOY,2ARTS1-B,1,Male,17,Form 2,Private,General Arts,Boarding,JHS,Sometimes difficult,33,34,40,9-10 out of 10,No,5,0,Never,Not sure,5,5,4,4,4,5,4,5,0-2 hrs/wk,Sometimes,Farming/trading,A few times/wk,A classmate,Regular group,Very confident,Somewhat interested,1
SCH-JOY_2ARTS1-B_017,017,SCH-JOY,2ARTS1-B,1,Female,19,Form 2,Private,General Arts,Boarding,JHS,Sometimes difficult,77,89,90,9-10 out of 10,No,5,0,Never,Mostly belong,5,5,5,4,5,5,5,5,3-5 hrs/wk,Sometimes,Paid work,A few times/wk,A teacher,No,Very confident,Very interested,0
SCH-JOY_2ARTS1-B_018,018,SCH-JOY,2ARTS1-B,1,Male,17,Form 2,Private,General Arts,Boarding,JHS,Sometimes difficult,85,81,89,9-10 out of 10,No,5,0,Never,Not sure,4,5,5,5,5,5,4,2,3-5 hrs/wk,Sometimes,None,Almost every day,A teacher,Regular group,Very confident,Somewhat interested,0
SCH-JOY_2ARTS1-B_019,019,SCH-JOY,2ARTS1-B,1,Male,18,Form 2,Private,General Arts,Boarding,SHS,Very difficult,45,40,42,9-10 out of 10,No,5,0,Never,Not sure,4,5,5,4,4,5,3,3,3-5 hrs/wk,Sometimes,None,A few times/wk,A classmate,Regular group,Very confident,Somewhat interested,1
SCH-JOY_2ARTS1-B_020,020,SCH-JOY,2ARTS1-B,1,Female,17,Form 2,Private,General Arts,Day,JHS,Never a problem,40,63,54,9-10 out of 10,No,5,0,Never,Not sure,4,5,5,3,4,5,4,3,3-5 hrs/wk,Sometimes,Heavy housework,About once/wk,A classmate,No,Very confident,Somewhat interested,1
SCH-JOY_2ARTS1-B_021,021,SCH-JOY,2ARTS1-B,1,Female,16,Form 2,Private,General Arts,Boarding,SHS,Very difficult,47,78,60,9-10 out of 10,No,5,0,Never,Not sure,5,5,5,4,5,5,3,5,3-5 hrs/wk,Sometimes,None,Almost every day,A classmate,Regular group,Very confident,Very interested,0
SCH-JOY_2ARTS1-B_022,022,SCH-JOY,2ARTS1-B,1,Male,18,Form 2,Private,General Arts,Boarding,Unknown,Never a problem,38,37,39,6-8 out of 10,No,5,0,Never,Mostly belong,4,5,4,4,1,1,1,5,6-8 hrs/wk,Always,Farming/trading,Almost every day,A classmate,Regular group,Very confident,Very interested,1
SCH-JOY_2ARTS1-B_023,023,SCH-JOY,2ARTS1-B,1,Female,19,Form 2,Private,General Arts,Day,Tertiary,Usually not a problem,59,67,68,9-10 out of 10,No,4,5,Sometimes,Not sure,5,5,5,5,4,5,4,5,6-8 hrs/wk,Always,Heavy housework,A few times/wk,A classmate,Regular group,Fairly confident,Somewhat interested,0
SCH-JOY_2ARTS1-B_024,024,SCH-JOY,2ARTS1-B,1,Male,17,Form 2,Private,General Arts,Boarding,Unknown,Sometimes difficult,60,55,54,6-8 out of 10,No,5,2,Often,Not sure,4,5,5,4,5,4,4,5,8+ hrs/wk,Sometimes,None,About once/wk,A classmate,Regular group,Very confident,Somewhat interested,0
SCH-JOY_2ARTS1-B_025,025,SCH-JOY,2ARTS1-B,1,Male,17,Form 2,Private,General Arts,Boarding,Tertiary,Sometimes difficult,55,82,70,9-10 out of 10,No,5,0,Never,Mostly belong,5,5,5,5,5,5,5,5,8+ hrs/wk,Always,Heavy housework,Almost every day,A classmate,Regular group,Very confident,Somewhat interested,0
SCH-JOY_2ARTS1-B_026,026,SCH-JOY,2ARTS1-B,1,Female,18,Form 2,Private,General Arts,Boarding,Tertiary,Sometimes difficult,60,80,82,9-10 out of 10,No,5,2,Sometimes,Mostly belong,5,5,5,5,5,5,5,4,8+ hrs/wk,Always,Heavy housework,Almost every day,A classmate,Sometimes informal,Very confident,Somewhat interested,0
SCH-JOY_2ARTS1-B_027,027,SCH-JOY,2ARTS1-B,1,Male,17,Form 2,Private,General Arts,Boarding,Tertiary,Usually not a problem,57,74,64,9-10 out of 10,No,5,0,Sometimes,Not sure,4,5,5,5,5,5,4,4,3-5 hrs/wk,Always,Heavy housework,About once/wk,A classmate,Regular group,Very confident,Somewhat interested,0
SCH-JOY_2ARTS1-B_028,028,SCH-JOY,2ARTS1-B,1,Female,16,Form 2,Private,General Arts,Boarding,Tertiary,Sometimes difficult,60,81,74,9-10 out of 10,No,5,0,Never,Mostly belong,5,5,5,4,4,5,4,5,0-2 hrs/wk,Sometimes,None,About once/wk,A classmate,Regular group,Very confident,Somewhat interested,0
SCH-JOY_2ARTS1-B_029,029,SCH-JOY,2ARTS1-B,1,Female,17,Form 2,Private,General Arts,Boarding,Tertiary,Usually not a problem,59,54,73,9-10 out of 10,No,5,0,Never,Not sure,4,5,5,4,4,5,3,5,0-2 hrs/wk,Always,None,Rarely,Manage alone,Sometimes informal,Fairly confident,Very interested,0
SCH-JOY_2ARTS1-B_030,030,SCH-JOY,2ARTS1-B,1,Male,16,Form 2,Private,General Arts,Boarding,Tertiary,Usually not a problem,60,85,77,9-10 out of 10,No,5,2,Sometimes,Not sure,5,4,5,4,4,5,4,3,0-2 hrs/wk,Always,None,A few times/wk,A classmate,Regular group,Fairly confident,Somewhat interested,0
SCH-JOY_2ARTS1-B_031,031,SCH-JOY,2ARTS1-B,1,Female,17,Form 2,Private,General Arts,Boarding,Unknown,Sometimes difficult,40,51,46,6-8 out of 10,No,5,0,Never,Not sure,4,4,4,4,4,3,5,1,0-2 hrs/wk,Sometimes,None,A few times/wk,A classmate,Regular group,Very confident,Somewhat interested,1
SCH-JOY_2ARTS1-B_032,032,SCH-JOY,2ARTS1-B,1,Male,18,Form 2,Private,General Arts,Boarding,SHS,Never a problem,50,85,72,9-10 out of 10,No,5,0,Never,Not sure,5,4,5,5,5,5,5,5,3-5 hrs/wk,Sometimes,None,A few times/wk,A classmate,Regular group,Very confident,Somewhat interested,0
SCH-JOY_2ARTS1-B_033,033,SCH-JOY,2ARTS1-B,1,Male,18,Form 2,Private,General Arts,Boarding,JHS,Sometimes difficult,55,67,58,6-8 out of 10,No,5,1,Never,Not sure,5,5,5,4,5,5,5,4,6-8 hrs/wk,Always,None,About once/wk,A teacher,Sometimes informal,Very confident,Somewhat interested,0
SCH-JOY_2ARTS1-B_034,034,SCH-JOY,2ARTS1-B,1,Female,16,Form 2,Private,General Arts,Boarding,SHS,Sometimes difficult,24,34,41,9-10 out of 10,No,5,5,Sometimes,Mostly not belong,4,5,5,4,4,5,4,4,3-5 hrs/wk,Sometimes,Heavy housework,A few times/wk,A classmate,Regular group,Fairly confident,Somewhat interested,1
SCH-JOY_2ARTS1-B_035,035,SCH-JOY,2ARTS1-B,1,Female,17,Form 2,Private,General Arts,Day,SHS,Usually not a problem,18,15,29,9-10 out of 10,No,4,14,Often,Not sure,5,4,5,4,4,4,4,4,3-5 hrs/wk,Sometimes,Heavy housework,A few times/wk,A family member,No,Worried,Somewhat interested,1
SCH-JOY_2HE2_001,001,SCH-JOY,2HE2,1,Female,17,Form 2,Private,Home Economics,Boarding,SHS,Usually not a problem,58,48,58,6-8 out of 10,Yes,4,11,Sometimes,Strongly belong,4,5,5,3,4,5,4,4,0-2 hrs/wk,Always,None,A few times/wk,A classmate,No,Worried,Somewhat interested,0
SCH-JOY_2HE2_002,002,SCH-JOY,2HE2,1,Female,17,Form 2,Private,Home Economics,Boarding,Tertiary,Sometimes difficult,52,57,57,9-10 out of 10,No,5,0,Never,Not sure,4,5,5,4,3,5,4,3,3-5 hrs/wk,Sometimes,Paid work,A few times/wk,A classmate,Sometimes informal,Fairly confident,Somewhat interested,1
SCH-JOY_2HE2_003,003,SCH-JOY,2HE2,1,Female,18,Form 2,Private,Home Economics,Boarding,Unknown,Usually not a problem,55,52,51,9-10 out of 10,No,5,2,Never,Strongly belong,4,5,5,4,1,4,5,5,3-5 hrs/wk,Always,None,About once/wk,A classmate,Regular group,Worried,Very interested,1
SCH-JOY_2HE2_004,004,SCH-JOY,2HE2,1,Female,17,Form 2,Private,Home Economics,Boarding,Primary,Sometimes difficult,50,62,68,6-8 out of 10,No,5,3,Sometimes,Mostly not belong,2,4,5,2,2,2,4,1,0-2 hrs/wk,Sometimes,Heavy housework,A few times/wk,A classmate,Regular group,Worried,Not very,0
SCH-JOY_2HE2_005,005,SCH-JOY,2HE2,1,Female,18,Form 2,Private,Home Economics,Boarding,Tertiary,Sometimes difficult,50,65,71,9-10 out of 10,No,5,0,Never,Strongly belong,4,5,5,5,4,5,5,4,6-8 hrs/wk,Sometimes,Heavy housework,A few times/wk,A classmate,Sometimes informal,Very confident,Very interested,0
SCH-JOY_2HE2_006,006,SCH-JOY,2HE2,1,Female,16,Form 2,Private,Home Economics,Boarding,No formal education,Sometimes difficult,54,49,64,6-8 out of 10,No,5,5,Very often,Strongly not belong,5,5,5,5,4,5,4,4,3-5 hrs/wk,Sometimes,None,A few times/wk,A teacher,Regular group,Fairly confident,Somewhat interested,0
SCH-JOY_2HE2_007,007,SCH-JOY,2HE2,1,Female,16,Form 2,Private,Home Economics,Day,Tertiary,Usually not a problem,52,71,64,9-10 out of 10,No,5,3,Very often,Strongly not belong,4,5,5,4,4,5,4,5,0-2 hrs/wk,Sometimes,Heavy housework,A few times/wk,A teacher,Sometimes informal,Not sure,Not very,0
SCH-JOY_2HE2_008,008,SCH-JOY,2HE2,1,Male,17,Form 2,Private,Home Economics,Boarding,JHS,Sometimes difficult,69,54,68,9-10 out of 10,No,5,0,Never,Strongly belong,5,5,5,4,4,4,4,4,0-2 hrs/wk,Always,None,A few times/wk,A classmate,Sometimes informal,Fairly confident,Very interested,0
SCH-JOY_2HE2_009,009,SCH-JOY,2HE2,1,Female,16,Form 2,Private,Home Economics,Boarding,JHS,Sometimes difficult,45,39,49,6-8 out of 10,No,5,7,Sometimes,Mostly belong,5,5,5,4,5,5,5,5,3-5 hrs/wk,Sometimes,Paid work,About once/wk,A classmate,Regular group,Fairly confident,Very interested,1
SCH-JOY_2HE2_010,010,SCH-JOY,2HE2,1,Female,17,Form 2,Private,Home Economics,Boarding,Primary,Sometimes difficult,30,65,60,6-8 out of 10,No,5,7,Sometimes,Mostly belong,5,5,5,4,4,5,4,4,3-5 hrs/wk,Sometimes,None,About once/wk,A classmate,Sometimes informal,Fairly confident,Somewhat interested,1
SCH-JOY_2HE2_011,011,SCH-JOY,2HE2,1,Male,17,Form 2,Private,Home Economics,Day,JHS,Sometimes difficult,27,25,40,6-8 out of 10,No,4,20,Often,Strongly belong,4,4,3,3,1,5,2,5,8+ hrs/wk,Sometimes,Paid work,Almost every day,A teacher,Regular group,Worried,Not very,1
SCH-JOY_2HE2_012,012,SCH-JOY,2HE2,1,Female,16,Form 2,Private,Home Economics,Boarding,Tertiary,Sometimes difficult,24,28,30,6-8 out of 10,No,3,28,Sometimes,Mostly belong,4,5,5,4,5,5,4,5,8+ hrs/wk,Sometimes,Heavy housework,A few times/wk,A classmate,Sometimes informal,Very confident,Somewhat interested,1
SCH-JOY_2HE2_013,013,SCH-JOY,2HE2,1,Female,17,Form 2,Private,Home Economics,Boarding,JHS,Sometimes difficult,22,38,43,6-8 out of 10,No,4,20,Never,Not sure,4,4,4,4,4,4,5,4,6-8 hrs/wk,Always,Paid work,About once/wk,A teacher,No,Very confident,Very interested,1
SCH-JOY_2HE2_014,014,SCH-JOY,2HE2,1,Female,18,Form 2,Private,Home Economics,Boarding,JHS,Sometimes difficult,35,43,40,6-8 out of 10,No,5,4,Never,Not sure,5,5,5,5,5,5,5,5,6-8 hrs/wk,Always,Paid work,About once/wk,A teacher,No,Very confident,Very interested,1
SCH-JOY_2HE2_015,015,SCH-JOY,2HE2,1,Male,19,Form 2,Private,Home Economics,Boarding,JHS,Sometimes difficult,40,52,54,9-10 out of 10,No,5,0,Never,Strongly belong,5,5,5,5,5,5,5,5,0-2 hrs/wk,Always,Paid work,Almost every day,A classmate,Regular group,Very confident,Very interested,1
SCH-JOY_2HE2_016,016,SCH-JOY,2HE2,1,Female,18,Form 2,Private,Home Economics,Day,Tertiary,Sometimes difficult,35,43,41,9-10 out of 10,No,5,0,Never,Strongly belong,4,5,5,5,5,5,5,5,0-2 hrs/wk,Always,Heavy housework,About once/wk,A classmate,Regular group,Fairly confident,Very interested,1
SCH-JOY_2HE2_017,017,SCH-JOY,2HE2,1,Female,17,Form 2,Private,Home Economics,Boarding,JHS,Sometimes difficult,42,63,48,9-10 out of 10,No,5,2,Never,Strongly belong,5,5,5,4,4,5,4,4,0-2 hrs/wk,Sometimes,Heavy housework,A few times/wk,A classmate,Sometimes informal,Fairly confident,Somewhat interested,0
SCH-JOY_2HE2_018,018,SCH-JOY,2HE2,1,Female,17,Form 2,Private,Home Economics,Boarding,SHS,Sometimes difficult,50,71,64,9-10 out of 10,No,5,5,Never,Strongly belong,5,5,5,5,4,5,3,5,0-2 hrs/wk,Always,None,A few times/wk,A classmate,No,Worried,Somewhat interested,0
SCH-JOY_2HE2_019,019,SCH-JOY,2HE2,1,Female,16,Form 2,Private,Home Economics,Boarding,JHS,Never a problem,30,40,44,6-8 out of 10,No,5,7,Never,Mostly belong,5,5,5,5,5,5,5,5,0-2 hrs/wk,Sometimes,Paid work,A few times/wk,A classmate,Regular group,Fairly confident,Very interested,1
SCH-JOY_2HE2_020,020,SCH-JOY,2HE2,1,Female,17,Form 2,Private,Home Economics,Boarding,Tertiary,Sometimes difficult,50,60,75,6-8 out of 10,No,5,7,Sometimes,Mostly belong,5,5,5,5,5,5,4,5,6-8 hrs/wk,Always,None,Almost every day,A teacher,Regular group,Very confident,Very interested,0
SCH-JOY_2HE2_021,021,SCH-JOY,2HE2,1,Female,17,Form 2,Private,Home Economics,Day,JHS,Sometimes difficult,66,54,55,9-10 out of 10,No,5,3,Often,Not sure,4,4,5,4,4,5,5,5,3-5 hrs/wk,Always,Paid work,A few times/wk,A teacher,Sometimes informal,Very confident,Very interested,0
SCH-JOY_2HE2_022,022,SCH-JOY,2HE2,1,Female,16,Form 2,Private,Home Economics,Boarding,Tertiary,Sometimes difficult,50,60,58,9-10 out of 10,No,5,0,Never,Strongly belong,5,5,5,5,5,5,4,5,8+ hrs/wk,Sometimes,None,A few times/wk,A classmate,No,Very confident,Very interested,0
SCH-JOY_2HE2_023,023,SCH-JOY,2HE2,1,Female,18,Form 2,Private,Home Economics,Boarding,Tertiary,Usually not a problem,45,63,52,9-10 out of 10,No,5,4,Never,Not sure,4,4,4,4,4,1,5,5,3-5 hrs/wk,Sometimes,None,Almost every day,A classmate,Sometimes informal,Not sure,Somewhat interested,0
SCH-JOY_2HE2_024,024,SCH-JOY,2HE2,1,Female,18,Form 2,Private,Home Economics,Day,Tertiary,Sometimes difficult,45,18,40,9-10 out of 10,No,4,14,Sometimes,Strongly belong,4,4,5,5,5,5,5,5,0-2 hrs/wk,Always,Paid work,A few times/wk,A family member,Regular group,Fairly confident,Very interested,1
SCH-JOY_2HE2_025,025,SCH-JOY,2HE2,1,Female,17,Form 2,Private,Home Economics,Day,JHS,Very difficult,25,48,41,6-8 out of 10,No,4,5,Often,Mostly belong,4,4,5,4,3,5,1,5,0-2 hrs/wk,Rarely/Never,Farming/trading,Rarely,No one,No,Very worried,Not very,1
SCH-JOY_2HE2_026,026,SCH-JOY,2HE2,1,Female,18,Form 2,Private,Home Economics,Boarding,Tertiary,Sometimes difficult,29,30,28,9-10 out of 10,No,3,15,Sometimes,Not sure,1,1,1,3,3,4,4,5,3-5 hrs/wk,Sometimes,Paid work,A few times/wk,A classmate,Sometimes informal,Worried,Somewhat interested,1
SCH-JOY_2HE2_027,027,SCH-JOY,2HE2,1,Female,16,Form 2,Private,Home Economics,Day,JHS,Usually not a problem,18,40,48,9-10 out of 10,No,5,0,Never,Strongly belong,4,4,5,,5,4,5,5,6-8 hrs/wk,Sometimes,None,A few times/wk,A classmate,No,Very confident,Very interested,1
SCH-JOY_2HE2_028,028,SCH-JOY,2HE2,1,Female,18,Form 2,Private,Home Economics,Boarding,Primary,Sometimes difficult,42,30,42,9-10 out of 10,No,5,7,Never,Mostly belong,4,5,4,4,4,5,5,4,0-2 hrs/wk,Sometimes,None,About once/wk,A classmate,Regular group,Fairly confident,Somewhat interested,1
SCH-JOY_2HE2_029,029,SCH-JOY,2HE2,1,Female,17,Form 2,Private,Home Economics,Boarding,Tertiary,Sometimes difficult,88,65,80,9-10 out of 10,No,5,4,Never,Strongly belong,5,5,5,5,4,5,5,4,0-2 hrs/wk,Always,None,A few times/wk,A classmate,Sometimes informal,Very confident,Somewhat interested,0
SCH-JOY_2HE2_030,030,SCH-JOY,2HE2,1,Male,16,Form 2,Private,Home Economics,Boarding,Tertiary,Usually not a problem,49,65,55,6-8 out of 10,No,5,0,Never,Not sure,4,5,5,4,3,5,2,2,0-2 hrs/wk,Always,None,Rarely,No one,No,Very worried,Not at all,0
SCH-JOY_2HE2_031,031,SCH-JOY,2HE2,1,Female,16,Form 2,Private,Home Economics,Day,Primary,Never a problem,45,41,50,9-10 out of 10,No,4,12,Sometimes,Mostly belong,5,5,4,4,4,4,4,5,3-5 hrs/wk,Sometimes,Heavy housework,A few times/wk,A teacher,No,Fairly confident,Not very,0
SCH-JOY_1ARTS1_001,001,SCH-JOY,1ARTS1,1,Female,16,Form 1,Private,General Arts,Boarding,Tertiary,Usually not a problem,40,60,55,6-8 out of 10,No,5,0,Never,Not sure,4,5,5,4,3,5,2,2,0-2 hrs/wk,Always,None,Rarely,No one,No,Very worried,Not at all,0
SCH-JOY_1ARTS1_002,002,SCH-JOY,1ARTS1,1,Female,15,Form 1,Private,General Arts,Boarding,SHS,Sometimes difficult,38,52,58,6-8 out of 10,No,5,0,Never,Strongly belong,4,4,5,5,4,5,1,1,8+ hrs/wk,Sometimes,Paid work,Rarely,Manage alone,No,Very confident,Very interested,1
SCH-JOY_1ARTS1_003,003,SCH-JOY,1ARTS1,1,Female,17,Form 1,Private,General Arts,Boarding,SHS,Sometimes difficult,50,55,58,9-10 out of 10,No,5,0,Never,Strongly not belong,4,4,4,4,3,4,3,3,3-5 hrs/wk,Sometimes,None,Almost every day,A classmate,Sometimes informal,Very confident,Not at all,0
SCH-JOY_1ARTS1_004,004,SCH-JOY,1ARTS1,1,Male,16,Form 1,Private,General Arts,Day,SHS,Usually not a problem,32,44,48,9-10 out of 10,No,4,5,Sometimes,Strongly not belong,5,5,5,5,4,5,4,5,0-2 hrs/wk,Rarely/Never,Paid work,Almost every day,A classmate,No,Worried,Not at all,1
SCH-JOY_1ARTS1_005,005,SCH-JOY,1ARTS1,1,Male,17,Form 1,Private,General Arts,Day,SHS,Usually not a problem,53,52,69,9-10 out of 10,No,4,7,Often,Strongly not belong,4,5,5,5,4,5,3,3,0-2 hrs/wk,Always,Heavy housework,Almost every day,A classmate,No,Very confident,Not at all,0
SCH-JOY_1ARTS1_006,006,SCH-JOY,1ARTS1,1,Male,17,Form 1,Private,General Arts,Day,SHS,Sometimes difficult,30,46,51,9-10 out of 10,No,4,14,Sometimes,Mostly not belong,5,5,5,5,4,5,3,3,0-2 hrs/wk,Rarely/Never,Farming/trading,Almost every day,A classmate,No,Very confident,Not at all,1
SCH-JOY_1ARTS1_007,007,SCH-JOY,1ARTS1,1,Female,16,Form 1,Private,General Arts,Boarding,JHS,Sometimes difficult,35,42,57,9-10 out of 10,No,5,0,Never,Strongly belong,5,5,5,5,5,5,4,4,8+ hrs/wk,Sometimes,Heavy housework,Rarely,A classmate,Regular group,Very confident,Somewhat interested,1
SCH-JOY_1ARTS1_008,008,SCH-JOY,1ARTS1,1,Male,18,Form 1,Private,General Arts,Day,SHS,Sometimes difficult,58,73,75,6-8 out of 10,No,5,0,Sometimes,Strongly not belong,5,5,5,5,1,5,4,2,3-5 hrs/wk,Sometimes,Heavy housework,A few times/wk,A teacher,Regular group,Very confident,Somewhat interested,0
SCH-JOY_1ARTS1_009,009,SCH-JOY,1ARTS1,1,Male,17,Form 1,Private,General Arts,Boarding,SHS,Very difficult,65,62,68,6-8 out of 10,No,5,0,Never,Strongly belong,5,5,5,5,4,5,4,1,3-5 hrs/wk,Sometimes,Heavy housework,Almost every day,A classmate,Regular group,Very confident,Very interested,0
SCH-JOY_1ARTS1_010,010,SCH-JOY,1ARTS1,1,Female,16,Form 1,Private,General Arts,Boarding,SHS,Sometimes difficult,49,65,71,6-8 out of 10,No,5,4,Never,Strongly belong,5,5,5,5,4,5,4,1,3-5 hrs/wk,Sometimes,Heavy housework,A few times/wk,A classmate,Regular group,Very confident,Very interested,0
SCH-JOY_1ARTS1_011,011,SCH-JOY,1ARTS1,1,Male,16,Form 1,Private,General Arts,Day,SHS,Sometimes difficult,78,68,78,9-10 out of 10,No,5,0,Never,Strongly belong,5,5,5,5,4,5,3,4,3-5 hrs/wk,Sometimes,None,Almost every day,A classmate,Regular group,Very confident,Somewhat interested,0
SCH-JOY_1ARTS1_012,012,SCH-JOY,1ARTS1,1,Male,17,Form 1,Private,General Arts,Day,Tertiary,Sometimes difficult,81,72,81,9-10 out of 10,No,4,7,Often,Strongly belong,5,5,5,4,4,5,4,4,3-5 hrs/wk,Sometimes,None,A few times/wk,A classmate,Regular group,Very confident,Somewhat interested,0
SCH-JOY_1ARTS1_013,013,SCH-JOY,1ARTS1,1,Female,17,Form 1,Private,General Arts,Day,JHS,Never a problem,72,70,77,9-10 out of 10,No,5,2,Never,Mostly belong,4,4,4,4,5,4,5,5,6-8 hrs/wk,Sometimes,Heavy housework,About once/wk,A classmate,Regular group,Worried,Somewhat interested,0
SCH-JOY_1ARTS1_014,014,SCH-JOY,1ARTS1,1,Female,17,Form 1,Private,General Arts,Boarding,Tertiary,Usually not a problem,80,71,80,9-10 out of 10,No,5,0,Very often,Strongly belong,1,5,4,5,2,4,4,5,8+ hrs/wk,Sometimes,Farming/trading,Almost every day,A teacher,Regular group,Very confident,Very interested,0
SCH-JOY_1ARTS1_015,015,SCH-JOY,1ARTS1,1,Male,15,Form 1,Private,General Arts,Boarding,SHS,Usually not a problem,49,68,70,9-10 out of 10,No,5,0,Never,Mostly belong,4,5,5,4,5,5,4,5,3-5 hrs/wk,Sometimes,Heavy housework,A few times/wk,A classmate,Sometimes informal,Worried,Somewhat interested,0
SCH-JOY_1ARTS1_016,016,SCH-JOY,1ARTS1,1,Male,19,Form 1,Private,General Arts,Day,SHS,Usually not a problem,50,62,60,9-10 out of 10,Yes,5,0,Sometimes,Mostly belong,4,5,5,4,5,5,3,5,3-5 hrs/wk,Rarely/Never,Heavy housework,A few times/wk,A classmate,Sometimes informal,Worried,Somewhat interested,0
SCH-JOY_1ARTS1_017,017,SCH-JOY,1ARTS1,1,Male,17,Form 1,Private,General Arts,Boarding,SHS,Sometimes difficult,55,45,57,6-8 out of 10,Yes,4,15,Sometimes,Mostly belong,5,5,5,5,3,5,3,2,3-5 hrs/wk,Sometimes,None,Almost every day,A classmate,Regular group,Worried,Somewhat interested,0
SCH-JOY_1ARTS1_018,018,SCH-JOY,1ARTS1,1,Female,16,Form 1,Private,General Arts,Boarding,SHS,Sometimes difficult,53,44,49,6-8 out of 10,No,5,0,Sometimes,Mostly belong,4,4,4,4,3,4,3,2,3-5 hrs/wk,Sometimes,None,A few times/wk,A classmate,No,Very confident,Not very,1
SCH-JOY_1ARTS1_019,019,SCH-JOY,1ARTS1,1,Male,19,Form 1,Private,General Arts,Boarding,SHS,Sometimes difficult,49,57,58,6-8 out of 10,Yes,5,10,Sometimes,Strongly not belong,5,5,5,3,3,3,2,2,6-8 hrs/wk,Always,Farming/trading,A few times/wk,A classmate,No,Very confident,Somewhat interested,0
SCH-JOY_1ARTS1_020,020,SCH-JOY,1ARTS1,1,Male,16,Form 1,Private,General Arts,Boarding,Tertiary,Usually not a problem,63,59,65,6-8 out of 10,No,5,0,Never,Strongly not belong,2,3,5,4,5,5,1,1,3-5 hrs/wk,Always,Paid work,Rarely,A classmate,No,Worried,Not at all,1
SCH-JOY_1ARTS1_021,021,SCH-JOY,1ARTS1,1,Female,17,Form 1,Private,General Arts,Day,SHS,Sometimes difficult,68,54,67,9-10 out of 10,No,5,3,Sometimes,Strongly belong,5,5,5,4,3,3,3,4,3-5 hrs/wk,Sometimes,Heavy housework,Almost every day,A classmate,No,Very worried,Not at all,0
SCH-JOY_1ARTS1_022,022,SCH-JOY,1ARTS1,1,Male,16,Form 1,Private,General Arts,Boarding,Unknown,Sometimes difficult,72,65,78,9-10 out of 10,No,5,0,Never,Strongly belong,5,5,5,5,5,5,4,4,3-5 hrs/wk,Always,None,Rarely,A classmate,Sometimes informal,Very confident,Somewhat interested,0
SCH-JOY_1ARTS1_023,023,SCH-JOY,1ARTS1,1,Male,17,Form 1,Private,General Arts,Day,SHS,Sometimes difficult,77,70,71,9-10 out of 10,Yes,5,4,Often,Strongly belong,5,5,5,4,5,5,4,5,0-2 hrs/wk,Sometimes,Heavy housework,Almost every day,A classmate,Sometimes informal,Fairly confident,Very interested,0
SCH-JOY_1ARTS1_024,024,SCH-JOY,1ARTS1,1,Female,17,Form 1,Private,General Arts,Day,SHS,Sometimes difficult,48,55,64,6-8 out of 10,Yes,5,2,Sometimes,Strongly belong,4,4,4,4,2,4,3,4,3-5 hrs/wk,Rarely/Never,Heavy housework,Almost every day,A classmate,Regular group,Very confident,Not very,0
SCH-JOY_1ARTS1_025,025,SCH-JOY,1ARTS1,1,Female,19,Form 1,Private,General Arts,Boarding,JHS,Sometimes difficult,50,60,67,6-8 out of 10,Yes,4,14,Sometimes,Strongly belong,4,4,4,2,3,4,2,2,3-5 hrs/wk,Rarely/Never,Farming/trading,Almost every day,A classmate,No,Very confident,Very interested,0
SCH-JOY_1ARTS1_026,026,SCH-JOY,1ARTS1,1,Female,18,Form 1,Private,General Arts,Boarding,SHS,Sometimes difficult,52,88,84,6-8 out of 10,Yes,3,15,Sometimes,Strongly belong,4,4,,4,4,4,3,4,3-5 hrs/wk,Rarely/Never,Paid work,Almost every day,A classmate,No,Very confident,Not at all,0
SCH-JOY_1ARTS1_027,027,SCH-JOY,1ARTS1,1,Male,17,Form 1,Private,General Arts,Day,Tertiary,Sometimes difficult,54,57,50,9-10 out of 10,No,5,0,Never,Strongly belong,4,4,4,4,3,4,3,4,3-5 hrs/wk,Sometimes,None,Almost every day,A classmate,Sometimes informal,Very confident,Very interested,0
SCH-JOY_1ARTS1_028,028,SCH-JOY,1ARTS1,1,Male,16,Form 1,Private,General Arts,Day,SHS,Sometimes difficult,70,75,70,9-10 out of 10,No,5,0,Sometimes,Strongly not belong,4,4,4,4,3,4,3,2,3-5 hrs/wk,Rarely/Never,Heavy housework,Almost every day,A classmate,No,Very confident,Not very,0
SCH-JOY_1ARTS1_029,029,SCH-JOY,1ARTS1,1,Male,17,Form 1,Private,General Arts,Day,No formal education,Very difficult,58,60,64,9-10 out of 10,No,5,0,Sometimes,Strongly not belong,4,5,5,5,4,5,3,3,0-2 hrs/wk,Always,None,Almost every day,A classmate,No,Very confident,Not at all,0
SCH-JOY_1ARTS1_030,030,SCH-JOY,1ARTS1,1,Female,18,Form 1,Private,General Arts,Day,No formal education,Very difficult,18,17,41,9-10 out of 10,Yes,4,12,Sometimes,Strongly belong,5,5,4,4,4,4,4,4,3-5 hrs/wk,Sometimes,Heavy housework,About once/wk,Manage alone,No,Not sure,Somewhat interested,1
SCH-JOY_1ARTS1_031,031,SCH-JOY,1ARTS1,1,Male,16,Form 1,Private,General Arts,Boarding,Primary,Sometimes difficult,83,74,80,9-10 out of 10,No,5,0,Never,Strongly belong,5,5,5,5,5,5,5,5,6-8 hrs/wk,Always,None,A few times/wk,Manage alone,No,Very confident,Very interested,0
SCH-JOY_1ARTS1_032,032,SCH-JOY,1ARTS1,1,Male,17,Form 1,Private,General Arts,Boarding,SHS,Sometimes difficult,50,50,58,6-8 out of 10,No,5,4,Never,Mostly belong,4,4,5,5,4,5,5,4,6-8 hrs/wk,Sometimes,None,A few times/wk,A teacher,Regular group,Fairly confident,Somewhat interested,0
SCH-JOY_1ARTS1_033,033,SCH-JOY,1ARTS1,1,Male,16,Form 1,Private,General Arts,Boarding,Tertiary,Usually not a problem,20,41,39,9-10 out of 10,No,5,0,Sometimes,Not sure,4,4,4,4,5,5,4,2,3-5 hrs/wk,Sometimes,Farming/trading,About once/wk,A classmate,No,Fairly confident,Not at all,1
SCH-JOY_1ARTS1_034,034,SCH-JOY,1ARTS1,1,Male,16,Form 1,Private,General Arts,Day,No formal education,Very difficult,45,42,55,3-5 out of 10,No,4,14,Sometimes,Mostly not belong,5,5,3,3,5,4,5,3,6-8 hrs/wk,Sometimes,Heavy housework,About once/wk,A family member,No,Very confident,Very interested,0
SCH-JOY_1ARTS1_035,035,SCH-JOY,1ARTS1,1,Male,17,Form 1,Private,General Arts,Boarding,Tertiary,Never a problem,70,72,80,9-10 out of 10,No,5,0,Often,Strongly belong,5,5,5,4,4,5,4,5,8+ hrs/wk,Always,None,Rarely,A teacher,Regular group,Very confident,Very interested,0
SCH-JOY_1ARTS1_036,036,SCH-JOY,1ARTS1,1,Female,16,Form 1,Private,General Arts,Boarding,SHS,Usually not a problem,57,50,60,9-10 out of 10,No,5,2,Sometimes,Not sure,5,4,4,4,5,5,3,4,6-8 hrs/wk,Rarely/Never,Heavy housework,Rarely,A classmate,Sometimes informal,Fairly confident,Very interested,0
SCH-JOY_1ARTS1_037,037,SCH-JOY,1ARTS1,1,Male,17,Form 1,Private,General Arts,Boarding,SHS,Sometimes difficult,42,44,48,6-8 out of 10,No,5,4,Often,Mostly belong,4,3,5,4,4,5,5,3,3-5 hrs/wk,Sometimes,None,A few times/wk,A teacher,Regular group,Worried,Very interested,1
SCH-JOY_1ARTS1_038,038,SCH-JOY,1ARTS1,1,Female,16,Form 1,Private,General Arts,Day,Primary,Sometimes difficult,75,82,78,6-8 out of 10,No,5,2,Often,Mostly belong,5,5,5,4,5,5,5,2,3-5 hrs/wk,Sometimes,None,A few times/wk,A classmate,No,Very confident,Very interested,0
SCH-JOY_1ARTS1_039,039,SCH-JOY,1ARTS1,1,Male,14,Form 1,Private,General Arts,Day,SHS,Sometimes difficult,60,67,70,6-8 out of 10,No,5,0,Never,Not sure,5,5,5,5,4,5,4,4,6-8 hrs/wk,Rarely/Never,None,About once/wk,A classmate,No,Very confident,Somewhat interested,0
SCH-JOY_1ARTS_040,040,SCH-JOY,1ARTS,1,Female,16,Form 1,Private,General Arts,Boarding,JHS,Very difficult,41,34,45,6-8 out of 10,No,5,5,Sometimes,Mostly belong,5,5,4,4,4,4,4,4,6-8 hrs/wk,Sometimes,Paid work,,,,,,1
SCH-BPRESEC_2VISUAL_001,001,SCH-BPRESEC,2VISUAL,1,Male,16,Form 2,Public,Visual Arts,Boarding,Tertiary,Usually not a problem,40,60,66,6-8 out of 10,No,5,0,Never,Not sure,4,5,5,4,3,5,2,2,0-2 hrs/wk,Always,None,Rarely,No one,No,Very worried,Not at all,0
SCH-BPRESEC_2VISUAL_002,002,SCH-BPRESEC,2VISUAL,1,Male,17,Form 2,Public,Visual Arts,Boarding,JHS,Sometimes difficult,38,41,48,9-10 out of 10,No,5,0,Never,Mostly belong,4,5,5,4,4,5,4,3,3-5 hrs/wk,Sometimes,Heavy housework,A few times/wk,A classmate,Sometimes informal,Very confident,Somewhat interested,1
SCH-BPRESEC_2VISUAL_003,003,SCH-BPRESEC,2VISUAL,1,Male,18,Form 2,Public,Visual Arts,Boarding,Unknown,Never a problem,55,61,64,6-8 out of 10,No,5,0,Sometimes,Not sure,5,5,5,4,3,4,4,4,6-8 hrs/wk,Sometimes,None,Rarely,A classmate,No,Not sure,Somewhat interested,0
SCH-BPRESEC_2VISUAL_004,004,SCH-BPRESEC,2VISUAL,1,Male,16,Form 2,Public,Visual Arts,Day,JHS,Usually not a problem,30,45,39,6-8 out of 10,No,5,7,Never,Strongly not belong,5,5,4,5,4,5,5,4,3-5 hrs/wk,Sometimes,Paid work,A few times/wk,A classmate,Sometimes informal,Very confident,Very interested,1
SCH-BPRESEC_2VISUAL_005,005,SCH-BPRESEC,2VISUAL,1,Male,18,Form 2,Public,Visual Arts,Day,Primary,Very difficult,24,47,44,6-8 out of 10,No,4,10,Sometimes,Mostly not belong,4,4,5,5,4,5,2,2,0-2 hrs/wk,Sometimes,Farming/trading,A few times/wk,A classmate,Sometimes informal,Fairly confident,Somewhat interested,1
SCH-BPRESEC_2VISUAL_006,006,SCH-BPRESEC,2VISUAL,1,Male,17,Form 2,Public,Visual Arts,Boarding,JHS,Usually not a problem,11,22,20,6-8 out of 10,No,5,3,Never,5,5,4,4,4,4,4,4,4,3-5 hrs/wk,Sometimes,Paid work,A few times/wk,A teacher,Regular group,Not sure,Not at all,1
SCH-BPRESEC_2VISUAL_007,007,SCH-BPRESEC,2VISUAL,1,Male,17,Form 2,Public,Visual Arts,Boarding,Tertiary,Sometimes difficult,20,38,38,3-5 out of 10,No,5,4,Sometimes,Not sure,4,2,5,,4,4,4,4,3-5 hrs/wk,Sometimes,Paid work,A few times/wk,A classmate,Sometimes informal,Very confident,Very interested,1
SCH-BPRESEC_2VISUAL_008,008,SCH-BPRESEC,2VISUAL,1,Male,18,Form 2,Public,Visual Arts,Day,JHS,Usually not a problem,72,64,80,9-10 out of 10,No,5,0,Never,Mostly belong,4,4,4,4,4,4,5,5,3-5 hrs/wk,Sometimes,Heavy housework,A few times/wk,A classmate,Sometimes informal,Fairly confident,Very interested,0
SCH-BPRESEC_2VISUAL_009,009,SCH-BPRESEC,2VISUAL,1,Female,16,Form 2,Public,Visual Arts,Boarding,SHS,Sometimes difficult,52,58,60,6-8 out of 10,No,5,0,Sometimes,Strongly belong,5,4,5,4,5,5,5,4,3-5 hrs/wk,Sometimes,Paid work,Almost every day,A teacher,Regular group,Very confident,Very interested,0
SCH-BPRESEC_2VISUAL_010,010,SCH-BPRESEC,2VISUAL,1,Male,16,Form 2,Public,Visual Arts,Day,Tertiary,Sometimes difficult,11,32,37,6-8 out of 10,No,5,3,Sometimes,Not sure,5,4,5,4,5,5,3,5,3-5 hrs/wk,Sometimes,Paid work,About once/wk,A classmate,No,Very confident,Somewhat interested,1
SCH-BPRESEC_2VISUAL_011,011,SCH-BPRESEC,2VISUAL,1,Male,22,Form 2,Public,Visual Arts,Day,No formal education,Usually not a problem,16,16,15,6-8 out of 10,Yes,4,14,Often,Not sure,4,5,4,4,4,4,5,5,3-5 hrs/wk,Sometimes,Paid work,About once/wk,A classmate,Regular group,Very confident,Somewhat interested,1
SCH-BPRESEC_2VISUAL_012,012,SCH-BPRESEC,2VISUAL,1,Female,18,Form 2,Public,Visual Arts,Day,SHS,Very difficult,31,40,45,9-10 out of 10,No,5,0,Never,Mostly not belong,5,5,5,5,4,5,3,3,0-2 hrs/wk,Sometimes,Heavy housework,Almost every day,Manage alone,Sometimes informal,Worried,Somewhat interested,1
SCH-BPRESEC_2VISUAL_013,013,SCH-BPRESEC,2VISUAL,1,Female,17,Form 2,Public,Visual Arts,Boarding,SHS,Sometimes difficult,33,44,60.3,6-8 out of 10,No,5,1,Sometimes,Mostly not belong,5,5,4,5,5,5,4,4,3-5 hrs/wk,Sometimes,Paid work,Almost every day,A classmate,Sometimes informal,Very confident,Very interested,0
SCH-BPRESEC_2VISUAL_014,014,SCH-BPRESEC,2VISUAL,0,Male,17,Form 2,Public,Visual Arts,Boarding,JHS,Sometimes difficult,32,26,48,6-8 out of 10,No,4,3,Sometimes,Mostly belong,5,4,5,4,5,4,4,5,0-2 hrs/wk,Sometimes,Heavy housework,A few times/wk,A classmate,Regular group,Fairly confident,Very interested,
SCH-BPRESEC_2VISUAL_015,015,SCH-BPRESEC,2VISUAL,1,Male,16,Form 2,Public,Visual Arts,Day,JHS,Never a problem,44,42,47,9-10 out of 10,No,5,4,Never,Strongly belong,4,4,4,4,4,4,4,5,0-2 hrs/wk,Always,Heavy housework,Almost every day,A classmate,Regular group,Very confident,Very interested,1
SCH-BPRESEC_2VISUAL_016,016,SCH-BPRESEC,2VISUAL,1,Female,17,Form 2,Public,Visual Arts,Day,Primary,Sometimes difficult,53,73,72,9-10 out of 10,No,5,8,Sometimes,Mostly belong,4,4,5,5,4,5,3,5,0-2 hrs/wk,Sometimes,None,A few times/wk,Manage alone,No,Fairly confident,Very interested,0
SCH-BPRESEC_2VISUAL_017,017,SCH-BPRESEC,2VISUAL,1,Female,16,Form 2,Public,Visual Arts,Day,SHS,Sometimes difficult,34,65,62,6-8 out of 10,No,5,4,Sometimes,Mostly belong,5,5,5,5,5,5,3,5,0-2 hrs/wk,Sometimes,Heavy housework,A few times/wk,A classmate,Regular group,Fairly confident,Somewhat interested,0
SCH-BPRESEC_2VISUAL_018,018,SCH-BPRESEC,2VISUAL,1,Male,16,Form 2,Public,Visual Arts,Boarding,Tertiary,Sometimes difficult,54,50,53,6-8 out of 10,No,5,3,Sometimes,Strongly belong,5,5,5,5,5,5,5,5,3-5 hrs/wk,Always,None,Almost every day,A classmate,Regular group,Very confident,Somewhat interested,0
SCH-BPRESEC_2VISUAL_019,019,SCH-BPRESEC,2VISUAL,1,Male,16,Form 2,Public,Visual Arts,Boarding,Tertiary,Sometimes difficult,58,64,83,9-10 out of 10,No,5,0,Never,Mostly belong,5,5,5,5,4,5,3,4,0-2 hrs/wk,Sometimes,None,A few times/wk,A classmate,Sometimes informal,Fairly confident,Very interested,0
SCH-BPRESEC_2VISUAL_020,020,SCH-BPRESEC,2VISUAL,1,Male,17,Form 2,Public,Visual Arts,Day,Tertiary,Sometimes difficult,59,64,67,9-10 out of 10,No,5,5,Never,Strongly belong,5,5,5,5,4,5,4,5,0-2 hrs/wk,Always,None,A few times/wk,A classmate,Regular group,Fairly confident,Very interested,0
SCH-BPRESEC_2VISUAL_021,021,SCH-BPRESEC,2VISUAL,1,Female,16,Form 2,Public,Visual Arts,Boarding,Tertiary,Sometimes difficult,40,53,55,9-10 out of 10,No,5,0,Never,Mostly belong,5,5,5,5,4,5,5,5,0-2 hrs/wk,Sometimes,Paid work,A few times/wk,A classmate,Regular group,Very confident,Somewhat interested,0
SCH-BPRESEC_2VISUAL_022,022,SCH-BPRESEC,2VISUAL,1,Male,16,Form 2,Public,Visual Arts,Boarding,JHS,Sometimes difficult,45,53,57.2,9-10 out of 10,No,5,0,Never,Mostly belong,5,5,5,5,4,5,4,3,0-2 hrs/wk,Always,Paid work,A few times/wk,A classmate,Regular group,Very confident,Very interested,0
SCH-BPRESEC_2VISUAL_023,023,SCH-BPRESEC,2VISUAL,1,Male,17,Form 2,Public,Visual Arts,Day,SHS,Usually not a problem,53,67,70,9-10 out of 10,No,5,3,Often,Not sure,5,4,4,4,4,5,5,4,0-2 hrs/wk,Always,Heavy housework,A few times/wk,Manage alone,No,Very confident,Very interested,0
SCH-BPRESEC_2VISUAL_024,024,SCH-BPRESEC,2VISUAL,1,Female,17,Form 2,Public,Visual Arts,Boarding,Tertiary,Sometimes difficult,47,61,68,9-10 out of 10,No,5,7,Sometimes,Strongly belong,5,5,5,5,5,5,5,5,0-2 hrs/wk,Always,Heavy housework,A few times/wk,A classmate,Regular group,Very confident,Very interested,0
SCH-BPRESEC_2VISUAL_025,025,SCH-BPRESEC,2VISUAL,1,Male,18,Form 2,Public,Visual Arts,Day,SHS,Sometimes difficult,76,73,78,9-10 out of 10,No,5,0,Never,Strongly belong,5,5,5,5,5,5,5,5,0-2 hrs/wk,Always,Heavy housework,A few times/wk,A classmate,Regular group,Very confident,Very interested,0
SCH-BPRESEC_2VISUAL_026,026,SCH-BPRESEC,2VISUAL,1,Male,16,Form 2,Public,Visual Arts,Boarding,SHS,Sometimes difficult,54,76,77,6-8 out of 10,No,5,0,Never,Mostly not belong,5,5,4,4,3,4,5,5,0-2 hrs/wk,Sometimes,None,A few times/wk,A classmate,Sometimes informal,Worried,Very interested,0
SCH-BPRESEC_2VISUAL_027,027,SCH-BPRESEC,2VISUAL,1,Male,18,Form 2,Public,Visual Arts,Boarding,Tertiary,Sometimes difficult,50,57,58,6-8 out of 10,No,4,15,Sometimes,Mostly not belong,5,5,5,5,4,4,5,5,0-2 hrs/wk,Always,Paid work,A few times/wk,A teacher,No,Very confident,Very interested,0
SCH-BPRESEC_2VISUAL_028,028,SCH-BPRESEC,2VISUAL,1,Male,16,Form 2,Public,Visual Arts,Boarding,Unknown,Very difficult,47,35,41,6-8 out of 10,No,5,0,Sometimes,Mostly belong,5,5,5,4,5,5,5,5,0-2 hrs/wk,Sometimes,Paid work,Rarely,A classmate,Sometimes informal,Very confident,Somewhat interested,1
SCH-BPRESEC_2VISUAL_029,029,SCH-BPRESEC,2VISUAL,1,Female,17,Form 2,Public,Visual Arts,Boarding,Unknown,Sometimes difficult,61,54,70,6-8 out of 10,No,5,0,Never,Not sure,5,5,5,5,3,5,5,3,8+ hrs/wk,Always,Heavy housework,A few times/wk,Manage alone,Sometimes informal,Fairly confident,Very interested,0
SCH-BPRESEC_2VISUAL_030,030,SCH-BPRESEC,2VISUAL,1,Female,18,Form 2,Public,Visual Arts,Day,No formal education,Never a problem,70,68,71,6-8 out of 10,No,5,2,Sometimes,Strongly belong,5,4,5,4,2,5,2,5,0-2 hrs/wk,Sometimes,Farming/trading,Almost every day,A classmate,Sometimes informal,Not sure,Somewhat interested,0
SCH-BPRESEC_2VISUAL_031,031,SCH-BPRESEC,2VISUAL,1,Female,17,Form 2,Public,Visual Arts,Day,SHS,Sometimes difficult,23,45,44,9-10 out of 10,No,5,2,Sometimes,Strongly belong,5,5,5,5,4,5,4,5,0-2 hrs/wk,Sometimes,Heavy housework,Almost every day,A classmate,Sometimes informal,Very confident,Very interested,1
SCH-BPRESEC_2VISUAL_032,032,SCH-BPRESEC,2VISUAL,1,Male,17,Form 2,Public,Visual Arts,Day,SHS,Sometimes difficult,15,30,38.4,6-8 out of 10,No,4,14,Sometimes,Strongly belong,5,5,5,5,5,5,5,5,0-2 hrs/wk,Sometimes,Heavy housework,A few times/wk,A classmate,Sometimes informal,Very confident,Very interested,1
SCH-BPRESEC_2VISUAL_033,033,SCH-BPRESEC,2VISUAL,1,Male,16,Form 2,Public,Visual Arts,Boarding,Tertiary,Sometimes difficult,43,40,49,6-8 out of 10,No,5,5,Never,Mostly belong,4,4,5,5,4,4,4,4,3-5 hrs/wk,Sometimes,Paid work,A few times/wk,A classmate,Sometimes informal,Not sure,Somewhat interested,1
SCH-BPRESEC_2VISUAL_034,034,SCH-BPRESEC,2VISUAL,1,Male,17,Form 2,Public,Visual Arts,Boarding,SHS,Very difficult,25,48,43.2,6-8 out of 10,No,5,0,Sometimes,Not sure,4,4,5,4,3,5,2,4,6-8 hrs/wk,Rarely/Never,None,Rarely,A classmate,No,Worried,Not very,1
SCH-BPRESEC_2VISUAL_035,035,SCH-BPRESEC,2VISUAL,1,Female,18,Form 2,Public,Visual Arts,Day,Tertiary,Sometimes difficult,68,72,74,6-8 out of 10,No,5,0,Never,Strongly belong,5,5,4,4,4,4,5,5,6-8 hrs/wk,Always,Paid work,Almost every day,Manage alone,No,Fairly confident,Somewhat interested,0
SCH-BPRESEC_2VISUAL_036,036,SCH-BPRESEC,2VISUAL,1,Male,18,Form 2,Public,Visual Arts,Boarding,Tertiary,Usually not a problem,63,52,53.1,9-10 out of 10,No,5,7,Sometimes,Mostly not belong,4,4,4,4,5,4,5,2,3-5 hrs/wk,Sometimes,Paid work,About once/wk,A classmate,Sometimes informal,Fairly confident,Somewhat interested,0
SCH-BPRESEC_2VISUAL_037,037,SCH-BPRESEC,2VISUAL,1,Female,16,Form 2,Public,Visual Arts,Boarding,No formal education,Very difficult,62,48,56,6-8 out of 10,No,5,2,Never,Mostly not belong,5,5,5,4,5,5,4,5,8+ hrs/wk,Always,None,A few times/wk,Manage alone,Regular group,Very confident,Very interested,0
SCH-BPRESEC_2VISUAL_038,038,SCH-BPRESEC,2VISUAL,1,Male,17,Form 2,Public,Visual Arts,Boarding,No formal education,Very difficult,61,56,70,9-10 out of 10,No,5,0,Never,Strongly belong,5,5,5,5,5,5,5,5,8+ hrs/wk,Always,Heavy housework,About once/wk,A classmate,Sometimes informal,Very confident,Very interested,0
SCH-BPRESEC_2VISUAL_039,039,SCH-BPRESEC,2VISUAL,1,Male,18,Form 2,Public,Visual Arts,Day,Primary,Never a problem,38,48,44,9-10 out of 10,No,5,4,Sometimes,Not sure,5,5,4,4,5,5,4,4,6-8 hrs/wk,Sometimes,Farming/trading,About once/wk,A classmate,Regular group,Worried,Somewhat interested,1
SCH-BPRESEC_2VISUAL_040,040,SCH-BPRESEC,2VISUAL,1,Male,17,Form 2,Public,Visual Arts,Day,Tertiary,Sometimes difficult,70,64,75,6-8 out of 10,No,4,15,Sometimes,Mostly not belong,3,3,3,4,3,3,3,3,0-2 hrs/wk,Rarely/Never,None,About once/wk,A family member,Regular group,Very confident,Somewhat interested,0
SCH-BPRESEC_1ARTS1_001,001,SCH-BPRESEC,1ARTS1,1,Female,16,Form 1,Public,General Arts,Boarding,Primary,Usually not a problem,40,35,47,6-8 out of 10,No,5,4,Sometimes,Mostly not belong,5,5,5,5,4,5,4,4,6-8 hrs/wk,Always,None,About once/wk,A classmate,Regular group,Fairly confident,Very interested,1
SCH-BPRESEC_1ARTS1_002,002,SCH-BPRESEC,1ARTS1,1,Female,16,Form 1,Public,General Arts,Boarding,Tertiary,Usually not a problem,46,52,57,6-8 out of 10,No,5,1,Sometimes,Mostly not belong,2,2,2,2,3,2,1,2,3-5 hrs/wk,Rarely/Never,None,Rarely,A classmate,Sometimes informal,Fairly confident,Not very,0
SCH-BPRESEC_1ARTS_003,003,SCH-BPRESEC,1ARTS,1,Male,17,Form 1,Public,General Arts,Boarding,No formal education,Very difficult,19,32,29,9-10 out of 10,No,5,0,Never,Mostly not belong,4,4,5,5,5,5,5,5,6-8 hrs/wk,Always,Heavy housework,Almost every day,A classmate,Sometimes informal,Worried,Not at all,1
SCH-BPRESEC_1ARTS1_004,004,SCH-BPRESEC,1ARTS1,1,Male,16,Form 1,Public,General Arts,Day,No formal education,Usually not a problem,30,27,41,6-8 out of 10,No,5,4,Never,Strongly not belong,4,4,4,4,4,4,4,4,6-8 hrs/wk,Sometimes,Paid work,A few times/wk,A classmate,Sometimes informal,Very confident,Not very,1
SCH-BPRESEC_1ARTS1_005,005,SCH-BPRESEC,1ARTS1,1,Female,17,Form 1,Public,General Arts,Day,Tertiary,Never a problem,28,19,29,6-8 out of 10,No,4,14,Sometimes,Mostly not belong,5,5,5,5,5,5,5,4,0-2 hrs/wk,Sometimes,Heavy housework,Rarely,A classmate,No,Worried,Not very,1
SCH-BPRESEC_1ARTS_006,006,SCH-BPRESEC,1ARTS,1,Male,15,Form 1,Public,General Arts,Boarding,Tertiary,Very difficult,54,69,68,9-10 out of 10,No,5,0,Never,Strongly belong,5,5,4,4,5,5,4,4,6-8 hrs/wk,Always,None,A few times/wk,A classmate,Sometimes informal,Very confident,Somewhat interested,0
SCH-BPRESEC_1ARTS1_007,007,SCH-BPRESEC,1ARTS1,1,Male,16,Form 1,Public,General Arts,Boarding,Tertiary,Sometimes difficult,84,80,91,9-10 out of 10,No,5,0,Never,Strongly belong,5,5,5,4,5,5,5,5,8+ hrs/wk,Always,None,A few times/wk,A classmate,Sometimes informal,Very confident,Somewhat interested,0
SCH-BPRESEC_1ARTS1_008,008,SCH-BPRESEC,1ARTS1,1,Female,16,Form 1,Public,General Arts,Boarding,SHS,Sometimes difficult,87,77,80.7,9-10 out of 10,No,5,2,Never,Strongly belong,4,5,4,5,4,5,4,5,8+ hrs/wk,Always,Paid work,Almost every day,A classmate,No,Fairly confident,Somewhat interested,0
SCH-BPRESEC_1ARTS_009,009,SCH-BPRESEC,1ARTS,1,Male,16,Form 1,Public,General Arts,Boarding,JHS,Sometimes difficult,75,60,65,9-10 out of 10,No,5,0,Never,Strongly belong,5,5,5,5,4,4,4,4,6-8 hrs/wk,Sometimes,None,A few times/wk,A classmate,Regular group,Very confident,Very interested,0
SCH-BPRESEC_1ARTS1_010,010,SCH-BPRESEC,1ARTS1,1,Female,16,Form 1,Public,General Arts,Boarding,Unknown,Usually not a problem,94,90,91.4,9-10 out of 10,No,5,4,Never,Mostly belong,5,5,5,5,5,4,4,5,8+ hrs/wk,Always,None,A few times/wk,A classmate,No,Very confident,Very interested,0
SCH-BPRESEC_1ARTS1_011,011,SCH-BPRESEC,1ARTS1,1,Male,15,Form 1,Public,General Arts,Boarding,Unknown,Usually not a problem,70,72,76.4,9-10 out of 10,No,5,2,Sometimes,Strongly belong,5,5,4,4,4,4,4,4,6-8 hrs/wk,Sometimes,None,A few times/wk,A classmate,Sometimes informal,Fairly confident,Somewhat interested,0
SCH-BPRESEC_1ARTS_012,012,SCH-BPRESEC,1ARTS,1,Male,17,Form 1,Public,General Arts,Day,Tertiary,Sometimes difficult,60,68,32.4,6-8 out of 10,No,4,14,Sometimes,Not sure,5,5,5,5,5,4,3,4,6-8 hrs/wk,Sometimes,None,About once/wk,Manage alone,Sometimes informal,Fairly confident,Somewhat interested,0
SCH-BPRESEC_1ARTS1_013,013,SCH-BPRESEC,1ARTS1,1,Male,16,Form 1,Public,General Arts,Day,JHS,Never a problem,74,70,78.4,9-10 out of 10,No,5,0,Never,Mostly belong,4,4,5,5,4,4,4,5,8+ hrs/wk,Always,Farming/trading,Rarely,A classmate,Sometimes informal,Fairly confident,Somewhat interested,0
SCH-BPRESEC_1ARTS1_014,014,SCH-BPRESEC,1ARTS1,1,Male,16,Form 1,Public,General Arts,Boarding,JHS,Very difficult,67,62,69.7,6-8 out of 10,No,4,13,Sometimes,Strongly belong,5,5,5,5,3,4,4,4,3-5 hrs/wk,Always,Heavy housework,A few times/wk,A classmate,Regular group,Very confident,Somewhat interested,0
SCH-BPRESEC_1ARTS_015,015,SCH-BPRESEC,1ARTS,1,Male,17,Form 1,Public,General Arts,Boarding,JHS,Sometimes difficult,28,40,38,9-10 out of 10,No,5,2,Never,Mostly belong,5,5,3,4,3,3,4,4,0-2 hrs/wk,Rarely/Never,None,Rarely,A classmate,Sometimes informal,Fairly confident,Somewhat interested,1
SCH-BPRESEC_1ARTS1_016,016,SCH-BPRESEC,1ARTS1,1,Female,18,Form 1,Public,General Arts,Boarding,Tertiary,Very difficult,38,42,46.2,9-10 out of 10,No,5,0,Never,Mostly belong,5,5,5,5,5,5,5,5,3-5 hrs/wk,Sometimes,Heavy housework,About once/wk,A classmate,Sometimes informal,Not sure,Not very,1
SCH-BPRESEC_1ARTS1_017,017,SCH-BPRESEC,1ARTS1,1,Female,17,Form 1,Public,General Arts,Day,Tertiary,Usually not a problem,38,43,43,6-8 out of 10,No,4,12,Sometimes,Not sure,4,4,5,5,4,4,4,4,6-8 hrs/wk,Always,Heavy housework,Rarely,A classmate,Sometimes informal,Worried,Somewhat interested,1
SCH-BPRESEC_1ARTS_018,018,SCH-BPRESEC,1ARTS,1,Male,17,Form 1,Public,General Arts,Day,Primary,Sometimes difficult,54,62,62,9-10 out of 10,No,5,3,Often,Not sure,5,5,5,5,5,4,4,4,3-5 hrs/wk,Sometimes,Farming/trading,A few times/wk,Manage alone,Sometimes informal,Fairly confident,Somewhat interested,0
SCH-BPRESEC_1ARTS1_019,019,SCH-BPRESEC,1ARTS1,1,Female,16,Form 1,Public,General Arts,Boarding,JHS,Never a problem,40,47,47.3,6-8 out of 10,No,5,2,Never,Mostly not belong,4,4,4,4,4,4,2,2,3-5 hrs/wk,Rarely/Never,None,About once/wk,A classmate,Regular group,Fairly confident,Somewhat interested,1
SCH-BPRESEC_1ARTS1_020,020,SCH-BPRESEC,1ARTS1,1,Female,15,Form 1,Public,General Arts,Day,SHS,Usually not a problem,63,72,74,9-10 out of 10,No,5,7,Sometimes,Mostly not belong,5,5,5,5,4,4,3,5,6-8 hrs/wk,Always,None,Almost every day,A classmate,Regular group,Fairly confident,Very interested,0
SCH-BPRESEC_1ARTS_021,021,SCH-BPRESEC,1ARTS,1,Female,16,Form 1,Public,General Arts,Boarding,SHS,Usually not a problem,57,50,58,6-8 out of 10,No,5,1,Never,Mostly not belong,4,5,5,5,5,4,5,4,6-8 hrs/wk,Sometimes,None,A few times/wk,A classmate,Sometimes informal,Very confident,Very interested,0
SCH-BPRESEC_1ARTS1_022,022,SCH-BPRESEC,1ARTS1,1,Female,16,Form 1,Public,General Arts,Day,SHS,Sometimes difficult,57,62,61,6-8 out of 10,No,5,4,Often,Mostly belong,4,4,5,5,5,5,5,5,0-2 hrs/wk,Sometimes,Heavy housework,About once/wk,A classmate,Sometimes informal,Worried,Not very,0
SCH-BPRESEC_1ARTS1_023,023,SCH-BPRESEC,1ARTS1,1,Female,16,Form 1,Public,General Arts,Boarding,SHS,Usually not a problem,44,47,49,9-10 out of 10,No,5,0,Never,Mostly belong,5,5,4,5,5,5,3,2,3-5 hrs/wk,Rarely/Never,None,A few times/wk,Manage alone,No,Not sure,Somewhat interested,1
SCH-BPRESEC_1ARTS_024,024,SCH-BPRESEC,1ARTS,1,Female,16,Form 1,Public,General Arts,Day,SHS,Usually not a problem,84,72,84.1,9-10 out of 10,No,5,0,Never,Strongly belong,5,4,4,5,5,5,3,4,8+ hrs/wk,Always,Heavy housework,A few times/wk,A classmate,Sometimes informal,Very confident,Very interested,0
SCH-BPRESEC_1ARTS1_025,025,SCH-BPRESEC,1ARTS1,1,Male,16,Form 1,Public,General Arts,Day,SHS,Usually not a problem,42,40,43,6-8 out of 10,No,5,0,Never,Mostly belong,4,5,5,4,4,4,4,4,6-8 hrs/wk,Sometimes,None,About once/wk,A classmate,Sometimes informal,Fairly confident,Somewhat interested,1
SCH-BPRESEC_1ARTS1_026,026,SCH-BPRESEC,1ARTS1,1,Male,18,Form 1,Public,General Arts,Boarding,SHS,Sometimes difficult,70,74,72,9-10 out of 10,No,5,2,Never,Mostly belong,5,5,5,5,5,5,5,5,6-8 hrs/wk,Sometimes,None,A few times/wk,A teacher,Sometimes informal,Very confident,Very interested,0
SCH-BPRESEC_1ARTS_027,027,SCH-BPRESEC,1ARTS,1,Male,16,Form 1,Public,General Arts,Boarding,JHS,Sometimes difficult,88,75,82,9-10 out of 10,No,5,0,Sometimes,Not sure,5,5,5,4,5,5,4,5,8+ hrs/wk,Sometimes,Farming/trading,A few times/wk,A classmate,Sometimes informal,Very confident,Very interested,0
SCH-BPRESEC_1ARTS1_028,028,SCH-BPRESEC,1ARTS1,1,Female,16,Form 1,Public,General Arts,Day,No formal education,Sometimes difficult,44,40,46,6-8 out of 10,No,4,14,Sometimes,Not sure,5,4,4,5,5,5,4,4,6-8 hrs/wk,Rarely/Never,Heavy housework,A few times/wk,A classmate,No,Very confident,Very interested,1
SCH-BPRESEC_1ARTS1_029,029,SCH-BPRESEC,1ARTS1,1,Male,15,Form 1,Public,General Arts,Boarding,SHS,Usually not a problem,28,32,35,9-10 out of 10,No,5,4,Sometimes,Mostly belong,5,5,5,5,4,4,4,4,6-8 hrs/wk,Rarely/Never,Heavy housework,About once/wk,A classmate,No,Fairly confident,Somewhat interested,1
SCH-BPRESEC_1ARTS_030,030,SCH-BPRESEC,1ARTS,1,Female,19,Form 1,Public,General Arts,Boarding,SHS,Usually not a problem,41,46,44,6-8 out of 10,No,5,2,Sometimes,Not sure,5,4,4,5,5,4,3,4,8+ hrs/wk,Rarely/Never,Heavy housework,A few times/wk,A classmate,No,Not sure,Somewhat interested,1
SCH-BPRESEC_1ARTS1_031,031,SCH-BPRESEC,1ARTS1,1,Male,15,Form 1,Public,General Arts,Day,SHS,Never a problem,56,48,53.4,9-10 out of 10,No,5,0,Sometimes,Mostly belong,4,4,4,3,4,5,3,4,8+ hrs/wk,Sometimes,Paid work,A few times/wk,A teacher,No,Fairly confident,Somewhat interested,0
SCH-BPRESEC_1ARTS1_032,032,SCH-BPRESEC,1ARTS1,1,Female,16,Form 1,Public,General Arts,Boarding,SHS,Sometimes difficult,48,47,48,6-8 out of 10,No,5,4,Never,Mostly belong,5,5,5,5,5,5,4,5,6-8 hrs/wk,Sometimes,None,Rarely,A classmate,Sometimes informal,Fairly confident,Not very,0
SCH-BPRESEC_1ARTS_033,033,SCH-BPRESEC,1ARTS,1,Male,17,Form 1,Public,General Arts,Boarding,Tertiary,Usually not a problem,62.4,60,65,6-8 out of 10,No,5,2,Sometimes,Strongly belong,5,5,4,4,4,4,4,4,8+ hrs/wk,Sometimes,Heavy housework,A few times/wk,A teacher,Sometimes informal,Fairly confident,Somewhat interested,0
SCH-BPRESEC_1ARTS1_034,034,SCH-BPRESEC,1ARTS1,1,Female,16,Form 1,Public,General Arts,Day,Tertiary,Sometimes difficult,54,50,56.4,3-5 out of 10,No,5,6,Sometimes,Mostly belong,4,4,4,4,4,4,4,4,3-5 hrs/wk,Always,None,Rarely,A classmate,No,Very confident,Somewhat interested,0
SCH-BPRESEC_1ARTS1_035,035,SCH-BPRESEC,1ARTS1,1,Male,17,Form 1,Public,General Arts,Day,Tertiary,Sometimes difficult,40,43,44,3-5 out of 10,No,5,2,Sometimes,Mostly belong,5,5,5,5,5,5,5,5,0-2 hrs/wk,Sometimes,Heavy housework,About once/wk,A classmate,No,Very confident,Not at all,1
SCH-BPRESEC_1ARTS_036,036,SCH-BPRESEC,1ARTS,1,Male,17,Form 1,Public,General Arts,Boarding,Primary,Usually not a problem,51,51,54.7,9-10 out of 10,No,4,15,Sometimes,Mostly belong,5,4,4,5,5,5,3,5,3-5 hrs/wk,Sometimes,None,A few times/wk,Manage alone,No,Fairly confident,Somewhat interested,0
SCH-BPRESEC_1ARTS1_037,037,SCH-BPRESEC,1ARTS1,1,Male,18,Form 1,Public,General Arts,Boarding,SHS,Sometimes difficult,42,48,49,6-8 out of 10,No,5,0,Never,Mostly belong,5,4,4,5,5,5,4,5,6-8 hrs/wk,Sometimes,None,About once/wk,A classmate,No,Very confident,Very interested,1
SCH-BPRESEC_1ARTS1_038,038,SCH-BPRESEC,1ARTS1,1,Male,18,Form 1,Public,General Arts,Boarding,SHS,Sometimes difficult,45,52,59.4,6-8 out of 10,No,5,2,Sometimes,Not sure,4,4,4,4,4,5,4,4,0-2 hrs/wk,Sometimes,None,A few times/wk,A classmate,No,Fairly confident,Somewhat interested,0
SCH-BPRESEC_1ARTS_039,039,SCH-BPRESEC,1ARTS,1,Male,14,Form 1,Public,General Arts,Boarding,Tertiary,Never a problem,47,51,52,9-10 out of 10,No,5,0,Sometimes,Mostly belong,5,5,5,5,5,5,5,5,3-5 hrs/wk,Always,None,About once/wk,A classmate,No,Very confident,Very interested,0
SCH-BPRESEC_1ARTS1_040,040,SCH-BPRESEC,1ARTS1,1,Male,17,Form 1,Public,General Arts,Boarding,Tertiary,Never a problem,75,81,80.4,9-10 out of 10,No,5,4,Often,Strongly belong,5,5,5,5,5,5,5,5,6-8 hrs/wk,Sometimes,Heavy housework,A few times/wk,Manage alone,Sometimes informal,Fairly confident,Very interested,0
SCH-BPRESEC_1ARTS1_041,041,SCH-BPRESEC,1ARTS1,1,Male,16,Form 1,Public,General Arts,Boarding,SHS,Usually not a problem,54,63,63.4,6-8 out of 10,No,5,5,Never,Mostly belong,5,5,4,4,4,5,2,4,6-8 hrs/wk,Always,Heavy housework,Rarely,Manage alone,Sometimes informal,Fairly confident,Somewhat interested,0
SCH-BPRESEC_1ARTS_042,042,SCH-BPRESEC,1ARTS,1,Male,16,Form 1,Public,General Arts,Boarding,SHS,Very difficult,63,67,65.2,6-8 out of 10,No,5,0,Never,Strongly belong,5,5,5,4,4,5,2,5,6-8 hrs/wk,Sometimes,Heavy housework,A few times/wk,A teacher,No,Very confident,Very interested,0
SCH-BPRESEC_1ARTS1_043,043,SCH-BPRESEC,1ARTS1,1,Male,16,Form 1,Public,General Arts,Day,Primary,Sometimes difficult,40,39,42,9-10 out of 10,No,4,16,Often,Not sure,4,4,5,4,5,5,5,5,3-5 hrs/wk,Rarely/Never,Farming/trading,About once/wk,A classmate,No,Not sure,Somewhat interested,1
SCH-BPRESEC_1ARTS1_044,044,SCH-BPRESEC,1ARTS1,1,Male,15,Form 1,Public,General Arts,Boarding,SHS,Very difficult,53,57,55.5,9-10 out of 10,No,5,3,Never,Mostly not belong,4,5,5,5,5,5,4,4,3-5 hrs/wk,Sometimes,None,Rarely,A classmate,No,Not sure,Somewhat interested,0
SCH-BPRESEC_1ARTS_045,045,SCH-BPRESEC,1ARTS,1,Female,16,Form 1,Public,General Arts,Boarding,SHS,Sometimes difficult,18,22,30.5,6-8 out of 10,No,5,0,Sometimes,Mostly not belong,4,4,5,3,4,5,4,4,6-8 hrs/wk,Sometimes,Heavy housework,A few times/wk,A classmate,No,Fairly confident,Not very,1
SCH-BPRESEC_1ARTS1_046,046,SCH-BPRESEC,1ARTS1,1,Female,16,Form 1,Public,General Arts,Boarding,Primary,Sometimes difficult,73,70,78,9-10 out of 10,No,5,0,Never,Mostly belong,5,5,5,5,4,5,3,5,8+ hrs/wk,Sometimes,Heavy housework,A few times/wk,A classmate,Sometimes informal,Very confident,Very interested,0
SCH-BPRESEC_1BUS_001,001,SCH-BPRESEC,1BUS,1,Male,15,Form 1,Public,Business,Boarding,Primary,Usually not a problem,50,,55.6,9-10 out of 10,No,5,0,Never,Mostly belong,5,5,4,4,5,4,5,4,6-8 hrs/wk,Rarely/Never,None,A few times/wk,A classmate,Regular group,Very confident,Very interested,0
SCH-BPRESEC_1BUS_002,002,SCH-BPRESEC,1BUS,1,Male,16,Form 1,Public,Business,Boarding,Primary,Never a problem,60,62,68.3,9-10 out of 10,No,5,5,Sometimes,Mostly belong,4,4,4,4,5,5,1,4,3-5 hrs/wk,Sometimes,Farming/trading,Almost every day,A classmate,Sometimes informal,Fairly confident,Very interested,0
SCH-BPRESEC_1BUS_003,003,SCH-BPRESEC,1BUS,1,Female,17,Form 1,Public,Business,Day,SHS,Sometimes difficult,63,64,68,9-10 out of 10,No,4,14,Sometimes,Strongly belong,5,4,4,4,4,5,4,4,3-5 hrs/wk,Sometimes,Paid work,Almost every day,A classmate,Sometimes informal,Fairly confident,Somewhat interested,0
SCH-BPRESEC_1BUS_004,004,SCH-BPRESEC,1BUS,1,Female,15,Form 1,Public,Business,Boarding,SHS,Usually not a problem,60,60,64,9-10 out of 10,No,5,2,Sometimes,Mostly not belong,5,4,5,5,5,5,5,5,6-8 hrs/wk,Rarely/Never,None,Almost every day,Manage alone,Regular group,Fairly confident,Somewhat interested,0
SCH-BPRESEC_1BUS_005,005,SCH-BPRESEC,1BUS,1,Female,15,Form 1,Public,Business,Day,Tertiary,Never a problem,64,68,67,6-8 out of 10,No,4,15,Never,Mostly belong,5,5,5,5,5,5,5,5,6-8 hrs/wk,Always,None,Almost every day,A classmate,Sometimes informal,Very confident,Very interested,0
SCH-BPRESEC_1BUS_006,006,SCH-BPRESEC,1BUS,1,Male,16,Form 1,Public,Business,Boarding,SHS,Never a problem,60,62,64,9-10 out of 10,No,5,0,Never,Mostly belong,4,5,4,5,4,5,4,5,8+ hrs/wk,Always,None,A few times/wk,A classmate,Regular group,Not sure,Somewhat interested,0
SCH-BPRESEC_1BUS_007,007,SCH-BPRESEC,1BUS,1,Male,16,Form 1,Public,Business,Boarding,Tertiary,Sometimes difficult,53,50,61,9-10 out of 10,No,5,0,Never,Mostly not belong,3,3,2,2,3,2,2,3,8+ hrs/wk,Rarely/Never,None,About once/wk,A classmate,Sometimes informal,Very confident,Somewhat interested,0
SCH-BPRESEC_1BUS_008,008,SCH-BPRESEC,1BUS,1,Female,17,Form 1,Public,Business,Boarding,Unknown,Sometimes difficult,74,72,70,9-10 out of 10,No,5,6,Often,Not sure,4,4,4,4,5,5,3,4,6-8 hrs/wk,Always,Farming/trading,About once/wk,A classmate,Sometimes informal,Fairly confident,Somewhat interested,0
SCH-BPRESEC_1BUS_009,009,SCH-BPRESEC,1BUS,1,Male,16,Form 1,Public,Business,Day,Tertiary,Never a problem,43,40,46,6-8 out of 10,No,5,2,Never,Strongly belong,5,4,5,5,4,4,5,4,6-8 hrs/wk,Sometimes,None,A few times/wk,A classmate,Regular group,Fairly confident,Not very,1
SCH-BPRESEC_1BUS_010,010,SCH-BPRESEC,1BUS,1,Male,16,Form 1,Public,Business,Boarding,Tertiary,Never a problem,39,25,42,9-10 out of 10,No,4,10,Sometimes,Mostly not belong,5,5,5,4,5,5,4,4,3-5 hrs/wk,Sometimes,Heavy housework,Almost every day,A classmate,Sometimes informal,Worried,Not at all,1
SCH-BPRESEC_1BUS_011,011,SCH-BPRESEC,1BUS,1,Female,16,Form 1,Public,Business,Day,SHS,Sometimes difficult,80,83,88,9-10 out of 10,No,5,0,Sometimes,Strongly belong,5,4,5,5,4,5,5,5,6-8 hrs/wk,Rarely/Never,None,Rarely,No one,Regular group,Not sure,Somewhat interested,0
SCH-BPRESEC_1BUS_012,012,SCH-BPRESEC,1BUS,1,Male,17,Form 1,Public,Business,Boarding,SHS,Very difficult,72,72,79,6-8 out of 10,No,5,0,Never,Mostly belong,4,3,3,4,5,5,3,3,6-8 hrs/wk,Sometimes,Farming/trading,About once/wk,A classmate,No,Fairly confident,Not very,0
SCH-BPRESEC_1BUS_013,013,SCH-BPRESEC,1BUS,1,Male,17,Form 1,Public,Business,Day,Primary,Very difficult,63,59,65,9-10 out of 10,No,4,11,Sometimes,Mostly belong,5,4,4,5,5,4,4,4,6-8 hrs/wk,Rarely/Never,None,Rarely,Manage alone,Sometimes informal,Not sure,Not very,0
SCH-BPRESEC_1BUS_014,014,SCH-BPRESEC,1BUS,1,Female,17,Form 1,Public,Business,Boarding,No formal education,Very difficult,62,61,63,6-8 out of 10,No,5,5,Sometimes,Strongly belong,5,5,5,5,5,5,5,5,8+ hrs/wk,Always,None,A few times/wk,A teacher,Sometimes informal,Fairly confident,Very interested,0
SCH-BPRESEC_1BUS_015,015,SCH-BPRESEC,1BUS,1,Male,16,Form 1,Public,Business,Day,Primary,Sometimes difficult,53,48,59,9-10 out of 10,No,5,5,Never,Not sure,4,4,4,4,3,4,4,3,6-8 hrs/wk,Always,Farming/trading,About once/wk,A classmate,Sometimes informal,Very confident,Very interested,0
SCH-BPRESEC_1BUS_016,016,SCH-BPRESEC,1BUS,1,Female,16,Form 1,Public,Business,Boarding,SHS,Sometimes difficult,42,47,43,6-8 out of 10,No,5,0,Never,Mostly not belong,5,5,4,4,5,5,3,5,3-5 hrs/wk,Rarely/Never,Heavy housework,Rarely,Manage alone,Sometimes informal,Not sure,Not very,1
SCH-BPRESEC_1BUS_017,017,SCH-BPRESEC,1BUS,1,Male,18,Form 1,Public,Business,Boarding,SHS,Sometimes difficult,19,24,34,9-10 out of 10,No,5,0,Sometimes,Mostly not belong,5,4,4,5,5,4,5,5,6-8 hrs/wk,Rarely/Never,None,A few times/wk,A classmate,Sometimes informal,Very worried,Not at all,1
SCH-BPRESEC_1BUS_018,018,SCH-BPRESEC,1BUS,1,Female,16,Form 1,Public,Business,Boarding,Primary,Sometimes difficult,51,53,57,3-5 out of 10,No,5,0,Sometimes,Strongly not belong,3,3,3,3,3,3,2,2,6-8 hrs/wk,Always,None,A few times/wk,A classmate,Sometimes informal,Fairly confident,Somewhat interested,0
SCH-BPRESEC_1BUS_019,019,SCH-BPRESEC,1BUS,1,Male,15,Form 1,Public,Business,Day,SHS,Sometimes difficult,40,43,45,6-8 out of 10,No,4,4,Sometimes,Mostly belong,5,4,5,4,4,4,5,4,6-8 hrs/wk,Rarely/Never,Heavy housework,Almost every day,A classmate,Regular group,Not sure,Somewhat interested,1
SCH-BPRESEC_1BUS_020,020,SCH-BPRESEC,1BUS,1,Female,16,Form 1,Public,Business,Day,Tertiary,Sometimes difficult,34,28,34,6-8 out of 10,No,5,3,Sometimes,Not sure,5,4,4,5,4,4,4,4,8+ hrs/wk,Always,Farming/trading,Almost every day,A classmate,Regular group,Worried,Not at all,1
SCH-BPRESEC_1BUS_021,021,SCH-BPRESEC,1BUS,1,Female,16,Form 1,Public,Business,Day,Tertiary,Never a problem,65,65,69,9-10 out of 10,No,5,1,Never,Mostly not belong,4,5,5,4,4,4,5,5,3-5 hrs/wk,Always,None,About once/wk,A teacher,Regular group,Fairly confident,Somewhat interested,0
SCH-BPRESEC_1BUS_022,022,SCH-BPRESEC,1BUS,1,Male,15,Form 1,Public,Business,Day,No formal education,Never a problem,47,58,57,6-8 out of 10,No,5,0,Sometimes,Mostly not belong,4,4,4,4,4,3,2,2,6-8 hrs/wk,Always,Paid work,A few times/wk,A classmate,No,Very confident,Somewhat interested,0
